KAMA,CCI,ADL,WilliamsR,STCD,STCK,BullPower,BearPower,FI,CMO,ATR,RSI,MACD,pctB,UBB,LBB,EMA of 22 Days,MA for 22 days,ChandelierExitL,Close
0.998266861,-40.73827325,-25023053.07,-59.70692308,34.62216502,40.29307692,-0.02166481,-0.07452181,514494.596,-533.3240002,0.069877859,43.35019307,-0.088608051,7.592336548,1.215961825,0.866700538,1.03523581,1.041331182,0.972509424,0.999286
1.002479703,-16.34807418,-23617050.31,-52.38102564,39.6114615,47.61897436,0.011662137,-0.041909863,130998.035,285.1859534,0.06884157,47.50700028,-0.086707846,9.340159099,1.213538631,0.865162641,1.034766863,1.039350636,0.975618291,1.027857
1.002479886,63.05364388,-17162249.55,-15.20153846,56.12340287,84.79846154,0.15161308,-0.00410092,1307929,202.4388995,0.07497788,62.53285767,-0.069743603,17.06593286,1.226474316,0.860993139,1.04338692,1.043733727,0.957209361,1.172857
1.011215585,94.29691413,-12204849.55,-4.578717949,70.03702789,95.42128205,0.160408983,0.063979983,205380.1246,154.1936882,0.076294588,65.56570275,-0.04759616,18.60606618,1.241279474,0.853980253,1.053877017,1.047629864,0.985402235,1.214286
1.017743776,147.8399995,-11269913.97,-4.999967188,78.69588463,95.00003281,0.231962502,0.146247502,124497.2862,146.6666407,0.076863765,69.54762905,-0.023768295,20.29663062,1.270045284,0.83963008,1.067323498,1.054837682,1.045837705,1.276429
1.040930874,99.53373035,-12858803.18,-27.03136655,76.735815,72.96863345,0.17836716,0.09408116,-196696.395,140.384596,0.078751314,57.86804383,-0.00908884,15.48848203,1.274006506,0.838266221,1.07377584,1.056136364,1.040175058,1.175714
1.065683559,70.78486431,-12475919.36,-30.31261553,74.34487561,69.68738447,0.117549675,0.035406675,-44037,262.318723,0.078950414,56.35021618,0.004633679,14.89367169,1.270852476,0.83947216,1.078879325,1.055162318,1.039577757,1.160714
1.08420152,70.66026757,-11926054.79,-29.68764697,72.98497963,70.31235303,0.094785066,0.048357066,4439.778,263.6375669,0.07706623,56.58379806,0.018644609,14.85593659,1.276245285,0.83817026,1.083785934,1.057207773,1.045230311,1.163571
1.103892095,117.7233214,-9718656.115,-6.562497949,79.85544012,93.43750205,0.184170601,0.038456601,267437.807,283.6742857,0.080994311,64.21465515,0.037046667,18.8598972,1.295916378,0.828758895,1.094400399,1.062337636,1.033446066,1.269286
1.118986276,118.7023968,-12500835.13,-20.0000875,79.9038463,79.9999125,0.17918302,0.10632602,-174323.2162,171.0529144,0.080534103,57.85169644,0.055009096,15.9927496,1.303513334,0.82609703,1.10081698,1.064805182,1.034826692,1.207857
1.125270108,63.21673791,-13468299.26,-34.21883306,75.1801054,65.78116694,0.145402535,-0.026739465,-275548,269.8644586,0.08565814,51.98215923,0.069377263,13.14735741,1.307848438,0.82630738,1.103168465,1.067077909,1.019454579,1.142857
1.125643499,42.95278622,-13783170.85,-37.81245693,70.83933846,62.18754307,0.052686963,-0.000170037,-31899.8904,521.12,0.083842455,50.58525157,0.084313199,12.37040953,1.311086444,0.827030465,1.104456037,1.069058455,1.024901636,1.126429
1.114251528,25.75745635,-14654853,-45.93748564,65.23853688,54.06251436,0.059946459,-0.027910541,-46852.1802,-1013.862324,0.084062499,47.47862883,0.094395622,10.6499113,1.313031461,0.834436085,1.103624541,1.073733773,1.024241504,1.089286
1.126149277,43.44219884,-13539691.15,-32.81248975,65.88885472,67.18751025,0.060324877,0.004609877,173964,-373.144,0.083686745,52.548253,0.104679513,12.81932533,1.315417158,0.852699751,1.106104123,1.084058455,1.025368765,1.149286
1.135150561,39.20741067,-11814035.71,-30.46880298,67.10379089,69.53119702,0.051708809,0.013137809,19199.488,-365.1691403,0.081258288,53.41300091,0.101025673,12.93793288,1.315307402,0.87547187,1.109005191,1.095389636,1.032654137,1.16
1.150577406,37.71561103,-10352095.45,-31.63455364,67.52453251,68.36544636,0.066986773,0.002700773,21359.4304,-2381.863307,0.080352301,54.30969854,0.094015558,13.07819471,1.317679195,0.893035078,1.112299227,1.105357136,1.035372096,1.170714
1.148860017,37.95641757,-11331391.35,-43.40764973,64.86433378,59.54633631,0.09946424,0.01660724,-38316.873,3700,0.080484952,51.87250694,0.077028378,11.60529008,1.316217043,0.911705048,1.11410676,1.113961045,1.034974145,1.146429
1.136790122,-0.924435185,-11528791.35,-52.53547564,60.25519146,51.03967903,0.045169818,-0.039830182,-107865.4794,-2283.444172,0.08072229,48.7539406,0.064519263,9.699076391,1.313216491,0.926978327,1.114116182,1.120097409,1.034262131,1.114286
1.131684953,-39.19186599,-16138214.92,-74.64495958,50.31373027,30.43479412,0.017795688,-0.075061312,-370272.3206,-205.0683871,0.081355659,42.14463298,0.049326987,5.372875433,1.309232602,0.936222034,1.110061312,1.122727318,1.032362023,1.036429
1.130727492,-138.0264339,-21736533.67,-121.5009243,35.13098989,4.769567714,-0.039118329,-0.247689329,-1162623,-194.99965,0.087951187,32.18627171,0.028058744,-2.062376035,1.323339776,0.913673315,1.097689329,1.118506545,1.01257544,0.871429
1.108257606,-166.1847762,-22677062.67,-111.9092673,25.38089561,5.88244459,-0.162004848,-0.236290848,16303,-159.9997053,0.087247209,32.70518874,-0.001574955,-0.619963687,1.336555125,0.890263238,1.086290848,1.113409182,1.014687373,0.876429
1.082476134,-140.5750759,-23279133.91,-108.0159022,21.68994442,14.30848057,-0.134626209,-0.183912209,142993.4604,-169.1424,0.086181146,36.65737354,-0.023539205,1.313271104,1.339772553,0.884383538,1.077483209,1.112078045,1.017885563,0.914286
1.053546847,-122.486596,-20735271.86,-102.1097433,22.144093,23.05235418,-0.111174473,-0.165460473,130952.619,-242.04,0.08455727,40.558674,-0.0383515,3.280117212,1.342785536,0.877214645,1.071174473,1.110000091,1.022757191,0.953571
1.040723457,-140.3496073,-23767672.32,-133.1000003,17.83634458,9.221075217,-0.102072781,-0.184215781,-281441.118,-205.8375699,0.084435019,36.70735433,-0.055132641,1.460159351,1.35248006,0.855117576,1.062072781,1.103798818,1.023123942,0.891429
1.033982509,-214.5609909,-25182667.82,-200.5496154,15.90690685,12.04809929,-0.159898267,-0.341326267,-755889.8032,-169.1481954,0.089501031,30.92722557,-0.072980673,-0.901338352,1.368366714,0.803321831,1.047755267,1.085844273,1.007925906,0.777857
1.019191116,-207.1718404,-26904056.46,-288.9758528,14.45999176,11.56619556,-0.221225365,-0.273368365,-10879.456,-141.8177607,0.087628317,30.79585432,-0.097687673,0.482754568,1.371507941,0.760245514,1.034082365,1.065876727,1.013544049,0.775
1.005144624,-200.9636939,-28228792.11,-628.3287639,12.6921547,9.15650823,-0.216871487,-0.277585487,-45960.9192,-144.2302567,0.086285411,30.10717899,-0.12178566,1.10902433,1.359297027,0.725573245,1.020442487,1.042435136,1.017572767,0.760714
0.986888513,-181.7251798,-25470792.11,-433.7577914,13.52573539,15.19288806,-0.215601647,-0.266315647,90619.606,-146.4640865,0.084518402,33.77530448,-0.144203244,2.94115548,1.353013858,0.697116142,1.009172647,1.025065,1.015730795,0.793571
0.962061767,-164.5765927,-23804454.85,-291.8105893,14.24754856,15.69116988,-0.195078023,-0.247935023,6525.9572,-194.7047246,0.082952232,34.09928637,-0.15889191,3.686982786,1.344443566,0.672569615,0.998649023,1.008506591,1.020429305,0.796429
0.917748717,-144.0325975,-24704906.84,-333.3335588,14.18909556,14.07218984,-0.166799423,-0.209657423,-13936.4288,-414.2853333,0.080976846,33.52540006,-0.16972525,4.012730811,1.332542117,0.650250338,0.988228423,0.991396227,1.026355462,0.787143
0.886847245,-145.7886893,-26551557.75,-355.3393637,12.40666183,8.841799882,-0.169743433,-0.223315433,-63924,-352.798871,0.079631779,31.67093472,-0.173026545,3.634634534,1.299557514,0.636676486,0.976886433,0.968117,1.030390664,0.757143
0.869562933,-127.544643,-27000407.34,-696.0799923,12.13160041,11.58147814,-0.161908576,-0.212622576,26355.5208,-195.4544587,0.078217583,33.73848597,-0.165746378,4.572158065,1.271653748,0.625034798,0.966908576,0.948344273,0.97320425,0.772857
0.863457882,-90.87810737,-22953007.34,-241.0800386,15.90499846,23.45178938,-0.12683925,-0.18898125,245733.8436,-156.9175603,0.077434125,41.14813769,-0.156735455,6.799125173,1.248933605,0.619638031,0.96041025,0.934285818,0.938411624,0.833571
0.871613013,-37.63802905,-22024876.72,-302.6160955,22.1995604,34.78867852,-0.045928984,-0.123785984,160839.9324,-487.6490719,0.077454667,46.38907704,-0.148557846,8.669176301,1.226465378,0.619963349,0.956642984,0.923214364,0.938349999,0.882857
0.875166643,-14.49874693,-20818932.77,-218.1347338,28.36776868,40.70418147,-0.030236634,-0.097379634,54852,207.4838095,0.076955321,49.34603233,-0.138241872,9.920491323,1.209233668,0.621156059,0.954522634,0.915194864,0.939848036,0.912857
0.877822399,36.86877958,-18877998.9,-224.9997569,37.03392454,54.36623273,0.028429803,-0.037999197,143754.5928,177.7211168,0.0766885,55.45662719,-0.122001064,12.69286311,1.184423801,0.630771109,0.955856197,0.907597455,0.9406485,0.982143
0.883748713,37.72350847,-19657459.18,-292.1883887,40.46395789,47.32402365,0.038168682,-0.033973318,-90699.2744,135.4840604,0.076469605,51.97605216,-0.100398474,11.91285887,1.151642423,0.644136941,0.955402318,0.897889682,0.941305184,0.946429
0.89236554,43.63628433,-17178976.86,-248.5518053,44.20599188,51.69005919,0.015394368,-0.037463632,61532.618,198.1302909,0.075335858,53.90753356,-0.078196096,13.54327498,1.114113269,0.663289458,0.956034632,0.888701364,0.944706426,0.968571
0.90152255,62.75063687,-15545923.06,-277.5866855,47.68659828,54.64781067,0.041932545,-0.028067455,44457,187.1373633,0.075080303,55.22143251,-0.055558718,15.13657899,1.080404539,0.682192916,0.957353455,0.881298727,0.92118809,0.983571
0.909132759,77.93317561,-13620777.83,-194.9588235,52.92665593,63.40677079,0.037345169,0.008773169,24066,166.9089946,0.072858263,56.11947575,-0.032903013,16.62675588,1.053514498,0.698108866,0.959083831,0.875811682,0.895711212,0.993571
0.912936968,67.83223474,-13556301.82,-172.3079574,55.96238628,62.03384683,0.036926982,-0.021645018,-68003.2444,130.2113117,0.072177285,53.16676046,-0.011227231,15.6630672,1.040734854,0.704654691,0.959502018,0.872694773,0.819897144,0.967857
0.904022352,20.16303638,-17116327.71,-88.69881239,53.12971588,47.46437517,0.012441979,-0.097558021,-469921.424,163.0030769,0.073976185,44.02082032,0.007403679,10.04635004,1.040831627,0.704752646,0.955415021,0.872792136,0.771642444,0.873571
0.889040034,-7.777669542,-16641307.71,-90.43044894,53.38728277,53.90241654,-0.061089913,-0.126089913,-21123.375,878.57,0.073550163,43.23211634,0.027183917,9.526731739,1.040309382,0.704170982,0.951089913,0.872240182,0.77292051,0.864286
0.894745578,10.24090825,-15155139.94,-90.54060446,58.03045964,67.31681333,-0.026696117,-0.124553117,94103.289,-1676.953314,0.074701489,47.51668121,0.046181173,11.8982127,1.039373254,0.704133019,0.948839117,0.871753136,0.769466534,0.903571
0.910893454,44.87972808,-14669052.3,-67.17500962,64.86584768,78.53662368,0.014604583,-0.053966417,69691.818,-3453.71527,0.074411664,50.85755328,0.058598827,13.93881514,1.037153486,0.704794423,0.948252417,0.870973955,0.770336008,0.936429
0.915093149,46.13813998,-15533904.99,-61.17648997,68.1219106,74.63403641,0.016415864,-0.033584136,-18208.6828,-621.8751367,0.073259678,49.67311685,0.060050321,13.13288825,1.040077195,0.704922624,0.947155136,0.872499909,0.773791966,0.925
0.920363125,36.89184096,-15498644.94,-24.14659714,70.69907469,75.85340286,-0.00056567,-0.03842267,1334.8398,-1213.304401,0.07159192,50.0644373,0.059354359,13.00784224,1.042990958,0.715710133,0.94627967,0.879350545,0.778795239,0.928571
0.919631852,28.09622885,-15621041.68,-34.13183441,69.88105355,68.24501129,-0.009228939,-0.034228939,-3059.9184,-603.57,0.069400681,48.83747233,0.053859846,12.03242243,1.043355368,0.728332722,0.944942939,0.885844045,0.785368957,0.917857
0.918344442,22.307669,-16166006.8,-33.14757691,68.87151006,66.85242309,-0.007789397,-0.032789397,-2724.673,-360.8698299,0.067315782,48.41160415,0.052692224,11.45430668,1.040396003,0.745253179,0.943503397,0.892824591,0.791623653,0.914286
0.915272098,8.158606631,-16828439.69,-38.1614404,66.52719324,61.8385596,-0.016530696,-0.048673696,-18251.7972,-290.9919909,0.06566667,46.82829813,0.046712442,10.26297879,1.038490393,0.756964062,0.941530696,0.897727227,0.79657099,0.901429
0.926099015,18.99776201,-12864137.48,-21.8391452,70.40508043,78.1608548,0.008306875,-0.052407125,206787.966,-327.95809,0.065434791,52.4981123,0.037069615,13.01227024,1.038995429,0.76996548,0.941693125,0.904480455,0.797266628,0.945
0.930430526,35.72662099,-12525889.38,-17.15198333,75.13442902,84.59312618,0.03381312,-0.00404488,26772.6984,233.995996,0.064145432,54.46957365,0.027220769,13.89706422,1.038206104,0.786598987,0.94261588,0.912402545,0.801134705,0.961429
0.929296856,13.65979117,-13681324.47,-30.23258653,73.34542383,69.76741347,0.025349684,-0.027507316,-70788.8328,179.4107656,0.063618324,49.55808939,0.01733066,10.47318359,1.025014724,0.815050094,0.941793316,0.920032409,0.802716027,0.925
0.912300088,-22.66509871,-15036832.93,-49.27142857,65.80647303,50.72857143,-0.011701838,-0.074558838,-115376.065,799.9860003,0.063582819,44.10018465,0.014478096,4.519245146,1.009254048,0.840421133,0.938844838,0.924837591,0.802822544,0.878571
0.903091338,-40.68372002,-17783001.95,-62.38254695,56.41013304,37.61745305,-0.042896036,-0.082182036,-75267.9928,-319.7483494,0.062451034,41.8115091,0.011547692,1.409348198,1.005956575,0.845861516,0.935039036,0.925909045,0.806217898,0.857143
0.892905316,-59.34725512,-19917243.62,-101.7166479,38.69513631,3.265142857,-0.065865658,-0.105151658,-77710.409,-287.3675524,0.061373185,39.04715239,0.003768429,-0.599433151,1.011724809,0.835288101,0.930151658,0.923506455,0.809451446,0.83
0.884727799,-81.42961875,-21284946.16,-148.7438706,26.24117917,1.333264889,-0.082108915,-0.138537915,-64133.2174,-221.7396597,0.061143383,35.16025931,-0.009793878,-2.319066702,1.02332584,0.812323433,0.923537915,0.917824636,0.810140852,0.787857
0.878282428,-118.9044667,-25320005.5,-337.7175208,18.25559037,2.284412765,-0.128572324,-0.196429324,-316481.8664,-192.3076923,0.06155461,30.2660043,-0.024651929,-3.985342132,1.036109881,0.776097846,0.914286324,0.906103864,0.80890717,0.724286
0.866251478,-123.9239185,-27997658.48,-374.3131639,13.04547628,2.62524809,-0.136853829,-0.204710829,-57248.4934,-163.1578947,0.061846955,29.13719886,-0.038209609,-2.202727114,1.048834108,0.741685255,0.904710829,0.895259682,0.808030136,0.707857
0.852148741,-122.5329581,-30744344.32,-356.6338351,9.969902618,3.818755304,-0.163610545,-0.190039545,17287.7656,-161.9924369,0.060205576,29.75066588,-0.048818558,-0.210136964,1.052170919,0.714971899,0.895753545,0.883571409,0.812954273,0.711429
0.848416415,-118.1507076,-28495706.3,-402.0414286,9.718752283,9.216451613,-0.162516582,-0.198230582,24090.8584,-117.12627,0.059071567,30.90981251,-0.057687641,1.293737054,1.047960144,0.695026856,0.887516582,0.8714935,0.816356298,0.717857
0.846043887,-95.95182955,-28273376.98,-924.9825003,11.13031331,13.95343537,-0.130328568,-0.172471568,20820.4164,-108.2111244,0.058288405,33.53469943,-0.062179423,2.80761388,1.03683589,0.682384928,0.880328568,0.859610409,0.818705786,0.732143
0.839887251,-64.38244739,-24111176.98,-364.6315646,17.5751964,30.46496257,-0.092965904,-0.147251904,211081.8108,-125.1855001,0.058103392,41.96403496,-0.069400109,6.054322491,1.024414456,0.67798818,0.875822904,0.851201318,0.793546825,0.782857
0.83061721,-77.76214064,-28104844.94,-216.2643794,15.28226846,10.69641259,-0.084339474,-0.156482474,-320935.2706,-256.7168857,0.058751879,35.88874385,-0.079958769,3.160013856,1.025830569,0.662611067,0.868625474,0.844220818,0.785173364,0.72
0.81632017,-99.59583292,-31867089.82,-187.2639983,10.60272272,1.243631222,-0.139083726,-0.171226726,-131290.691,-209.3748861,0.057523723,33.62493289,-0.088122712,2.537578295,1.028821351,0.644035831,0.860512726,0.836428591,0.788857832,0.692857
0.79953123,-106.0530097,-32927273.24,-195.7750274,8.953831995,5.656050552,-0.142120932,-0.191406932,-55001.1,-209.3748861,0.05714377,32.46422116,-0.092673994,2.660969326,1.027359107,0.625043529,0.852120932,0.826201318,0.789997691,0.678571
0.792321663,-148.5394991,-39639759.3,-484.3480272,7.40105163,4.295490901,-0.150941279,-0.278798279,-931420,-237.2545431,0.060403133,25.76080216,-0.100915788,-0.481789385,1.030664576,0.589205514,0.839512279,0.809935045,0.780219601,0.578571
0.775668243,-195.2136422,-42491564.19,-729.5364154,6.889038734,5.865012943,-0.254695776,-0.335409776,-592872.21,-202.9406719,0.061733527,22.69654842,-0.113246397,-1.075328312,1.03843842,0.544418671,0.824695776,0.791428545,0.776228419,0.517857
0.757551804,-211.8026209,-46637021.9,-740.6200782,5.942183439,4.048472848,-0.276872475,-0.361158475,-415658.4096,-178.9473684,0.062771736,20.55868443,-0.124633756,-0.992376923,1.045208411,0.495830498,0.808301475,0.770519455,0.773113791,0.468571
0.743812487,-241.8570876,-50017026.79,-858.6867534,5.644147125,5.048074496,-0.331503796,-0.407931796,-887319.0144,-158.8228512,0.063860127,18.41947515,-0.131744596,-0.964398219,1.053421978,0.441642931,0.790074796,0.747532455,0.76984862,0.412143
0.725212433,-232.1446441,-51062770.48,-869.5564179,5.044807403,3.846127959,-0.344510871,-0.381653871,-32370.6474,-142.5234042,0.062631591,18.16184973,-0.136543103,0.298288853,1.053585936,0.395180246,0.772367871,0.724383091,0.773534227,0.405
0.715980863,-237.0863289,-52205459.04,-722.2179677,4.725277718,4.086218349,-0.343292835,-0.406863835,-192285.8546,-131.0041786,0.062674765,17.00898017,-0.143521167,0.681655879,1.051814481,0.3488997,0.754006835,0.700357091,0.773404705,0.372857
0.701740093,-162.641612,-41452258.25,-539.3433781,11.61579361,25.3968254,-0.217634193,-0.396205193,1813533.758,-100,0.067998531,35.36905034,-0.144903936,4.926699689,1.023380346,0.337463745,0.742634193,0.680422045,0.757433407,0.506429
0.672722147,-130.8392337,-46880621.2,-1335.820698,14.31978833,19.72777778,-0.201578374,-0.283720374,-474359.487,-225.0843982,0.068647908,33.25085521,-0.149491878,4.320377268,0.988073273,0.328160363,0.730149374,0.658116818,0.755485276,0.470714
0.641943721,-96.13056616,-41713626.39,-818.9208619,19.63474654,30.26466295,-0.18616072,-0.25758972,335177.0128,-220.2576719,0.068775539,40.12456441,-0.155590744,6.592564541,0.951650121,0.329064061,0.72116072,0.640357091,0.718673383,0.534286
0.616802323,-50.63716593,-44351445.37,-600.0015909,24.77492903,35.055294,-0.127595169,-0.171166169,64832.8212,-373.2702637,0.067979766,41.7221156,-0.15624091,7.438755033,0.919896203,0.330947888,0.713309169,0.625422045,0.674631702,0.55
0.576063969,-96.06059879,-48034056.79,-1101.809805,23.41015699,20.68061292,-0.168804388,-0.258804388,-526159.3428,-1590.02835,0.069775527,35.78612711,-0.157023853,4.777789172,0.890841388,0.323833884,0.701661388,0.607337636,0.64781642,0.459286
0.565827242,-44.94167836,-45228448.61,-799.9949091,28.71019563,39.31027291,-0.108995995,-0.223280995,678685.8624,-826.8375134,0.07237219,44.317691,-0.15191391,8.324365835,0.860840097,0.328380631,0.694709995,0.594610364,0.61288343,0.55
0.586591878,54.56085385,-37875614.51,-281.0115366,41.7952146,67.96525253,0.04154708,-0.10845292,3308750.442,645.6115143,0.077565231,53.96456934,-0.133910218,13.64423453,0.845088397,0.334586876,0.69416692,0.589837636,0.555161307,0.682857
0.596344928,35.29146789,-37875440.65,-219.9994105,49.86893223,66.01636751,-0.027236472,-0.082951472,-449729.4648,222.4280975,0.077415039,50.66142762,-0.114716064,12.03061229,0.83495552,0.336732753,0.691522472,0.585844136,0.550611882,0.636429
0.602411995,32.96803339,-39770033.63,-188.9827492,54.45310693,63.62145632,-0.044905738,-0.070619738,-48721.827,277.1601658,0.075047905,49.85248404,-0.092751737,11.76032319,0.825908651,0.338247167,0.688476738,0.582077909,0.557713285,0.625
0.599674114,16.08394518,-42665644.44,-248.1800132,54.79037531,55.46491206,-0.058936786,-0.098222786,-126398.9888,246.1757812,0.073411086,47.31027517,-0.06873159,10.53850321,0.813479891,0.339572018,0.683936786,0.576525955,0.562623743,0.589286
0.592750109,5.827601029,-42731341.41,-215.7894737,54.25393734,53.1810614,-0.072719439,-0.125577439,-24318,631.0353983,0.072470669,46.59380389,-0.046185795,10.39657441,0.798651677,0.341802868,0.679148439,0.570227273,0.565444992,0.579286
0.603268207,46.46461086,-40923046.6,-185.0462521,58.73586771,67.69972845,0.007511594,-0.109631406,409842.237,457.8915374,0.074514059,51.61071327,-0.02055391,13.49596042,0.785531089,0.346806547,0.677488406,0.566168818,0.559314824,0.642857
0.622522059,84.41335944,-39511220.73,-176.9218343,64.98645422,77.48762724,0.029278449,-0.027864551,242039.1932,457.8948338,0.074046344,54.7002131,-0.00476184,16.06191367,0.766244382,0.357262073,0.677864551,0.561753227,0.560717968,0.685714
0.632752987,69.33171425,-39385882.35,-176.2374728,66.97844865,70.96243751,0.001653757,-0.044060243,-57279.1408,386.3153396,0.073077651,52.3027505,0.012861833,14.99122526,0.755735352,0.36205683,0.676917243,0.558896091,0.500767048,0.657143
0.634352275,64.92619568,-40267214.55,-203.077884,69.91228429,75.77995556,-0.009581285,-0.039581285,-22373.5932,233.5732372,0.071108825,50.97931491,0.024729955,14.43612943,0.747875112,0.365241797,0.675295285,0.556558455,0.479530525,0.641429
0.636109549,57.92524881,-38976900.34,-126.6666667,71.80695136,75.5962855,-0.030858172,-0.050144172,-1186.185,423.4334839,0.0687409,50.91618458,0.035805955,14.58354247,0.742195645,0.367479718,0.673715172,0.554837682,0.479491299,0.640714
0.636887234,52.82044814,-37360722.45,-55.51028571,72.88656393,75.04578907,-0.029252723,-0.064966723,-4557.3038,-605.0803218,0.067232171,50.71347777,0.056295833,14.25171312,0.748090616,0.367039293,0.672109723,0.557564955,0.484017487,0.638571
0.64797826,77.98773972,-37320349.26,-26.08672716,76.41983986,83.48639172,0.030778367,-0.032792633,117947.0768,9837.254902,0.067097615,53.75361966,0.068283032,15.46398647,0.760160004,0.368930996,0.672078633,0.5645455,0.484421154,0.671429
0.649212725,63.83077991,-38307992.77,-29.20771665,77.06281578,78.34876761,0.005293261,-0.020421739,-20916,499.9956923,0.065208021,51.66464727,0.067257417,14.04886003,0.766916227,0.378798228,0.671135739,0.572857227,0.490089936,0.651429
0.643066424,39.45622343,-40847318.57,-30.10088497,75.59542621,72.66064708,-0.004939211,-0.056368211,-155714.0046,348.2757511,0.06457898,49.37673934,0.068557744,12.56540474,0.764213878,0.401240849,0.669225211,0.582727364,0.491977059,0.629286
0.623080363,13.1001501,-43433118.57,-41.40782609,71.49785803,63.30272166,-0.027882531,-0.072882531,-94198.1082,457.144,0.063685335,45.78454788,0.065329699,10.09746726,0.754467978,0.428064658,0.665739531,0.591266318,0.494657994,0.592857
0.619054364,-5.04291566,-38866576.72,-32.16915313,70.29518846,67.88984934,-0.05037147,-0.10965747,87899.2968,-402.86,0.063484574,47.78966383,0.063543942,10.65981801,0.732962575,0.471193425,0.66322847,0.602078,0.495260278,0.610714
0.616453691,-5.633319741,-38718187.11,-34.67896271,68.63713807,65.32103729,-0.053233169,-0.074662169,-3710,-235.24,0.061728667,46.74699523,0.060247186,9.54342251,0.730103506,0.482623858,0.660376169,0.606363682,0.500527999,0.600714
0.611333276,-16.10712622,-40315049.34,-54.56798659,61.1239532,46.09758346,-0.042325774,-0.084468774,-50079.687,-279.7480019,0.0608352,44.36439702,0.048456904,6.935457668,0.720146715,0.502320922,0.656611774,0.611233818,0.503208401,0.577857
0.624709153,-1.328640342,-37189747.77,-34.64538864,63.35100422,67.80510625,-0.013062273,-0.100205273,205413.8464,-259.5513748,0.062035123,51.73290564,0.035673064,12.43594618,0.72006785,0.512140059,0.655919273,0.616103955,0.49960863,0.641429
0.622438975,6.534410713,-38120747.77,-60.51681295,62.23398005,59.99993171,-0.009216049,-0.035645049,-21280.798,31868.39161,0.060411348,49.20924732,0.023008192,9.934811241,0.71890337,0.519538267,0.654216049,0.619220818,0.504479956,0.618571
0.633692045,4.118110622,-36302589.69,-29.2682094,65.06658356,70.7317906,-0.00045281,-0.06473781,64284.8766,-1242.87,0.060587975,52.63089935,0.018200481,13.14901927,0.698103127,0.557676145,0.65402381,0.627889636,0.503950075,0.65
0.657528994,67.5834111,-26517738.93,-0.692888436,76.4800929,99.30711156,0.121012019,-0.034701981,1293655.688,-1153.320267,0.06492482,63.47201642,0.01784791,26.04329468,0.725724964,0.55083349,0.659701981,0.638279227,0.58379654,0.778571
0.660339228,25.48557132,-31078250.24,-59.70666667,67.23420266,48.74242217,0.06080306,-0.03633994,-3222219.861,279.7785154,0.069030836,52.06535344,0.014990827,13.12260199,0.723423985,0.551446197,0.65991094,0.637435091,0.571478493,0.664286
0.677431379,46.59672432,-24211366.07,-36.92918097,68.8270634,72.0127849,0.065337514,-0.001805486,533094.5592,1279.594286,0.068944791,56.00350441,0.01237175,18.22457452,0.733557434,0.548650384,0.662519486,0.641103909,0.571736627,0.717143
0.696219282,86.14596562,-13694566.07,0,79.21804227,100,0.1175802,0.0497232,721147.4928,373.5625895,0.068927756,60.53346559,0.011007244,22.40161768,0.759124413,0.537693769,0.6681338,0.648409091,0.578930731,0.785714
0.715408745,92.08255345,-11749935,-6.333124889,84.30967388,94.49293711,0.126475798,0.078618798,3212.209,294.2857143,0.067967617,60.57904343,0.015009071,20.57857975,0.779370317,0.535369956,0.673524202,0.657370136,0.582526148,0.786429
0.730258835,86.54237124,-7774046.326,-2.898603655,88.57358137,97.10139635,0.117467729,0.074609729,30669.2736,272.3070296,0.066823567,61.01493412,0.027444968,19.69706169,0.796786366,0.537369452,0.678961271,0.667077909,0.592386298,0.792857
0.734209956,68.13515473,-9476863.088,-21.84601733,85.52253478,79.42044159,0.103548923,0.066405923,-77164.241,227.5748837,0.065796816,56.45790767,0.034651981,15.78265474,0.805712977,0.538118205,0.682165077,0.671915591,0.595466552,0.749286
0.738965417,60.29525208,-9787314.211,-32.38066667,83.77837761,80.29006326,0.080393768,0.058250768,2292.1528,435.0992518,0.063808269,56.62948083,0.04234891,15.54708581,0.812860415,0.536944858,0.685320232,0.674902636,0.601432193,0.751429
0.746480662,69.0287725,-9570178.005,-14.95725217,85.80394844,89.85509011,0.105595018,0.053452018,21977.6004,337.6311551,0.063276937,58.5635122,0.051634647,16.57530197,0.824344756,0.53617479,0.689404982,0.680259773,0.603026188,0.775
0.750436406,57.9878844,-9510500.877,-23.47795917,85.31864137,84.34802722,0.103743762,0.031600762,-27264.139,352.5696,0.063680733,56.98782679,0.054629147,15.1513091,0.832695756,0.53873288,0.692685238,0.685714318,0.601814802,0.761429
0.759060228,57.82449666,-9211007.501,-16.5993119,86.25104316,88.11584676,0.093047345,0.043047345,10815.168,-1900.081671,0.063057714,57.82393634,0.062390154,15.2788468,0.841448918,0.5417979,0.696238655,0.691623409,0.603683858,0.770714
0.744650817,20.72273183,-10428682.32,-46.66670123,78.6601369,63.47832439,0.053134709,-0.000436291,-149854.2948,207.3815161,0.063568959,50.86162203,0.066456077,11.02163861,0.842963823,0.546776541,0.696865291,0.694870182,0.602150122,0.71
0.754350604,79.37842824,-18850238.31,-34.92088889,77.3442639,74.7125179,0.163375227,0.069089227,956434.3908,-3199.902002,0.06769951,57.70142697,0.062106288,15.61275373,0.852662146,0.547467763,0.700910773,0.700064955,0.589758469,0.785714
0.766367045,51.24320172,-17000867.99,-38.46150244,76.08392033,73.56323319,0.093247828,0.033247828,-13868.3356,inf,0.067348962,57.29634014,0.066515628,14.917602,0.860830945,0.551182055,0.704609172,0.7060065,0.590810115,0.782143
0.779608006,57.04740414,-13091947.39,-25.85222866,77.08278284,79.08050786,0.091080634,0.054651634,69744.5812,-5566.215586,0.06594132,58.79197318,0.067261955,15.49308678,0.869479041,0.557988505,0.708919366,0.713733773,0.60146204,0.799286
0.800488879,92.4632621,-9980798.813,-0.51,84.57277259,99.55275208,0.156539852,0.082968852,233512.4624,3877.477057,0.066288639,64.43682488,0.065448795,19.07548964,0.886203342,0.566588931,0.716317148,0.726396136,0.672563083,0.871429
0.812075977,112.1910366,-8587627.002,-8.3808,86.92158172,91.6192,0.204022833,0.116165833,125890.6012,227.4833597,0.06727041,66.21336796,0.065993654,19.45437764,0.906245617,0.572585656,0.724548167,0.739415636,0.695331769,0.897143
0.82410868,110.5283216,-8460980.215,-8.124961719,88.79064484,92.52877108,0.18171945,0.15314745,9048.914,206.861386,0.065509009,66.46391683,0.065393853,18.77073846,0.921409546,0.584694454,0.73256655,0.753052,0.704186972,0.900714
0.835920063,92.83605156,-8181830.636,-10.01997598,89.33427286,90.4215289,0.174424103,0.120852103,-10966.8006,223.8620997,0.064965717,65.3162382,0.067220756,17.87967506,0.92662398,0.608116384,0.739861897,0.767370182,0.70581685,0.892857
0.844602784,93.29435307,-7082583.956,-4.022990047,91.54851856,95.97700995,0.180089492,0.120089492,43470.4004,209.7817817,0.064739724,66.93717551,0.068397436,18.33666595,0.940272946,0.619207599,0.747767508,0.779740273,0.719351829,0.913571
0.853627775,88.21302715,-7432539.04,-7.142580645,92.19032007,93.4739231,0.172155113,0.137869113,-11998.56,200.998901,0.063353833,65.79541191,0.067976199,17.46448149,0.945017847,0.640631607,0.754987887,0.792824727,0.7235095,0.906429
0.838253387,15.34558926,-16563742.99,-42.31575224,80.68829597,57.68424776,0.142217393,0.007217393,-1624525.734,118.9075951,0.066971721,50.13681606,0.062852526,8.990632619,0.937276348,0.660645833,0.756353607,0.798961091,0.712655836,0.785
0.811234453,-14.43658998,-17956773.04,-51.76449661,69.95154157,48.47803279,0.042246412,0.001531412,-51317.3794,-39115.40616,0.065776954,48.74069513,0.055467032,8.036259435,0.937185584,0.660087325,0.757039588,0.798636455,0.716240139,0.771429
0.792630358,-32.77381737,-15033573.04,-53.86393443,62.01304957,46.13606557,0.014059693,-0.028798307,-31320.6264,-2700.056001,0.064734116,47.98332167,0.055265596,6.914958938,0.929260974,0.677102845,0.757369307,0.803181909,0.719368652,0.764286
0.776154649,-44.45227661,-17480772.57,-73.33315911,50.23098001,26.66684089,0.004492464,-0.028364536,-106425.473,-797.9542857,0.063446262,44.62309559,0.046433192,4.229039845,0.928142401,0.679585054,0.756221536,0.803863727,0.723232213,0.732143
0.771728681,-62.47073475,-20035135.4,-105.0846171,35.0257462,4.615278579,-0.021845612,-0.054702612,-122395,-171.7932886,0.062054544,42.15068224,0.037985385,2.878958565,0.931100879,0.669483757,0.753988612,0.800292318,0.727407368,0.707143
0.769799451,-70.24841517,-20439381.85,-131.5788877,25.00744188,4.970833248,-0.037083936,-0.067083936,-22739.3936,-125.5631579,0.060596222,41.09969769,0.032573276,2.772945862,0.934255459,0.658147359,0.751369936,0.796201409,0.731782335,0.696429
0.767971412,-69.83707404,-23022369.29,-135.9182857,17.5487455,2.631352723,-0.040039504,-0.062896504,-26243.28,-120.2795115,0.058879344,40.51932996,0.016497231,3.055271043,0.936768742,0.646348349,0.748610504,0.791558545,0.736932968,0.690714
0.765255448,-61.15006799,-18084334,-119.4444444,15.69517925,11.98804675,-0.032730507,-0.061302507,118815.2574,-120.4944025,0.05750062,43.92957919,0.001336949,4.83897317,0.937898204,0.641972068,0.747016507,0.789935136,0.741069141,0.713571
0.767925205,-21.69380105,-9595087.206,-76.83351351,24.40113491,41.81304624,0.051190628,-0.055952372,828351.7452,-122.857,0.059758839,53.15020968,-0.008214301,9.653209102,0.938503532,0.644548559,0.748809372,0.791526045,0.734294482,0.786429
0.780180144,35.61761244,-16648712.63,-59.61532249,34.49353894,54.67834701,0.14804978,0.05876378,263907.2016,-259.525,0.062206655,56.47518139,-0.015673071,11.65649812,0.940669604,0.646278578,0.75195022,0.793474091,0.726951036,0.817857
0.777239856,2.261147011,-19778650.14,-76.22390288,35.08143947,36.25724052,0.097098801,0.018527801,-146160,673.9172779,0.062951014,50.90440043,-0.026630006,8.560198041,0.940795301,0.64719179,0.752901199,0.793993545,0.724717959,0.772857
0.783158922,-7.746688964,-17908884.63,-71.69823282,38.20242597,44.44439896,0.045281405,0.007424405,60060,17707.14286,0.061809608,53.11784271,-0.037770147,9.853653196,0.941436141,0.64856395,0.754718595,0.795000045,0.728142175,0.792857
0.783318843,-10.88583293,-17908964.42,-62.46176909,39.01598441,40.6431013,0.039683089,0.015398089,-17992.5536,930.0164502,0.060102848,51.94681301,-0.039125462,8.95656077,0.939925803,0.65676256,0.756030911,0.798344182,0.733262457,0.783571
0.79005842,8.958901947,-17304875.26,-71.62154492,43.84692675,53.50881143,0.098430031,0.003430031,168346.2956,472.2291359,0.061690055,55.52093747,-0.037033006,11.08198324,0.941310056,0.658040672,0.758712969,0.799675364,0.728500834,0.815
0.795974193,21.23534725,-14069522.3,-47.19108193,50.28388017,63.15778701,0.083368994,0.046940994,125463.7188,231.127326,0.060541107,58.0415114,-0.03380959,12.55227979,0.944586451,0.659894095,0.762345006,0.802240273,0.731947678,0.838571
0.800768931,49.1842008,-11500283.76,-25.54060606,61.10553293,82.74883845,0.139154659,0.060582659,260098.6584,184.4240267,0.061361152,62.66738202,-0.025403,15.46575662,0.952983708,0.659418928,0.767988341,0.806201318,0.729487545,0.886429
0.807461246,44.57649263,-12161473.46,-47.51363267,65.68834247,74.85396156,0.111073224,0.082502224,-85024.2596,155.4745421,0.059999873,59.80590657,-0.018113628,14.17511893,0.952437059,0.659575941,0.772497776,0.8060065,0.73357138,0.867143
0.814788903,39.0366694,-12081836.08,-78.04841959,67.76886762,71.92991792,0.105665824,0.059951824,-18210.3642,195.8143412,0.059350185,58.73616897,-0.007339865,13.89820228,0.947157917,0.661478446,0.776477176,0.804318182,0.735520446,0.86
0.826200914,45.58674445,-8545229.79,-133.8964953,70.79025789,76.83303842,0.101347733,0.067061733,107780.0416,319.4206957,0.05821035,59.96993207,0.004285641,14.90327875,0.942571103,0.663402988,0.780795267,0.802987045,0.738939951,0.871429
0.835788239,62.13692121,-27198829.79,-103.7308677,68.3658301,63.51697453,0.172161771,0.072875771,-266485.3296,401.3327858,0.060078291,57.64962321,0.014024705,14.10176356,0.937352306,0.665375058,0.784267229,0.801363682,0.733336127,0.857143
0.830708397,13.60536847,-27640638.93,-157.2573725,61.85015991,48.81881952,0.064237756,0.003523756,-214592,218.6460385,0.060432025,51.6265347,0.018672128,11.59091686,0.923715115,0.670246067,0.785762244,0.796980591,0.732274924,0.817143
0.82472709,16.70553652,-29160959.11,-223.5937205,57.1564412,47.7690038,0.062940673,0.005797673,-17375.1312,841.1759862,0.060282461,51.21495448,0.021561353,11.83209419,0.91011008,0.675474466,0.787059327,0.792792273,0.725581617,0.814286
0.825805691,23.61276933,-29347840.78,-66.29644609,55.77698827,53.01808241,0.064624017,0.016767017,59617.019,644.1771122,0.059717439,53.22297792,0.028978917,12.85858592,0.913006852,0.676538694,0.788946983,0.794772773,0.707276682,0.828571
0.836132999,50.11641376,-29495124.7,-43.68233784,59.93176852,68.24132901,0.11308137,0.04308137,299109.0942,1331.626262,0.060509816,58.55142392,0.036286615,15.80177621,0.921193046,0.6773135,0.79263263,0.799253273,0.704899553,0.87
0.849078599,46.34042748,-24340838,-33.22902861,64.01392229,72.17822983,0.087648199,0.049791199,68068.1848,631.8145662,0.059479763,59.82594079,0.045645596,16.06290303,0.930175941,0.678914969,0.796637801,0.804545455,0.70798971,0.880714
0.860289213,37.35835537,-20901038,-34.68753828,66.29796554,70.86605204,0.076844587,0.036130587,-12283.5258,-2824.654418,0.05878885,59.17283841,0.051950564,15.28368133,0.936061832,0.686210895,0.800298413,0.811136364,0.71006245,0.877143
0.871049048,49.40947354,-19111896.03,-23.33332037,70.18289952,77.95276748,0.11318755,0.04604455,95392.4132,1457.14,0.059168711,61.61032988,0.052486333,16.34204552,0.940661397,0.698819149,0.80466945,0.819740273,0.718922866,0.896429
0.874600417,34.39792626,-18151849.95,-27.55904065,70.93558613,72.44095935,0.091840364,0.036840364,-44352,433.3278432,0.058979164,58.67613344,0.047838897,14.83280411,0.938395165,0.717903562,0.808159636,0.828149364,0.719491509,0.881429
0.882995759,44.33581662,-16798167.55,-20.05282308,73.93944973,79.94717692,0.098996089,0.069710089,76645.9428,1614.28,0.057661527,61.40935646,0.045453372,16.70798118,0.933739808,0.741779737,0.812432911,0.837759773,0.729158419,0.902143
0.890718666,57.09405994,-13287629.9,-5.013390466,80.95516966,94.98660953,0.128065993,0.071636993,163645.8516,373.0133333,0.057605487,66.14865944,0.044253737,20.63617698,0.937194238,0.75916949,0.818363007,0.848181864,0.77004054,0.942857
0.893126854,44.63880188,-13621303.41,-15.98917943,81.97371997,84.01082057,0.118704644,0.070132644,-81038.7844,134.0900775,0.057259686,60.53074851,0.039858115,16.78874545,0.942805911,0.76518118,0.822724356,0.853993545,0.771077941,0.914286
0.889946586,19.72778537,-14204115.06,-53.43169886,74.62450942,59.92608834,0.085450486,0.035450486,-72851.457,194.284,0.05709202,54.32026287,0.034638321,12.48280914,0.944628442,0.768878104,0.825263514,0.856753273,0.77158094,0.878571
0.876644404,1.608335777,-16246863.82,-55.98486486,65.31332653,46.69096075,0.059195919,0.017767919,-89603.0044,431.428,0.056379838,50.31739431,0.031378218,9.053142019,0.939943662,0.780835611,0.826518081,0.860389636,0.773717485,0.852857
0.863050824,-16.69763909,-18195688.53,-63.97064122,55.55200395,36.02935878,0.030369179,-0.002487821,-77370.9328,-1166.651111,0.05531036,47.29400172,0.02830584,5.98631198,0.937000222,0.787350506,0.826773821,0.862175364,0.77692592,0.832143
0.865861255,-3.294514605,-14433538.53,-46.71837838,55.53951954,55.51455071,0.046260899,0.006260899,189898.2834,-432.3546972,0.054744167,52.86791216,0.028543987,10.58944039,0.932201316,0.800006593,0.828739101,0.866103955,0.778624498,0.87
0.875826237,15.84295371,-14197982.7,-33.82384732,59.08506392,66.17615268,0.080586237,0.036300237,151319.9128,-3419.921602,0.054268691,55.63272153,0.027467962,13.37364685,0.932292139,0.806798861,0.831556763,0.8695455,0.780050926,0.890714
0.893774366,35.12808016,-11753579.66,-19.90308747,66.88286812,82.47847651,0.099811494,0.064811494,174524.0532,-4299.44007,0.053847299,60.06907229,0.025402968,18.15218093,0.939285817,0.807857183,0.835902506,0.8735715,0.781315104,0.927143
0.908326178,49.74340674,-9507576.889,-6.66708148,76.21966949,94.89327225,0.11611817,0.08754617,120326.7912,584.3767774,0.052763113,62.44765995,0.025366301,19.8908075,0.949367796,0.803424477,0.84102483,0.876396136,0.790281662,0.948571
0.920088678,48.3994284,-15600376.89,-12.58725512,81.59328104,92.34050412,0.104994581,0.098566581,-26107.648,576.927716,0.050656567,61.65671903,0.023173038,18.21993633,0.958228503,0.80157677,0.845719419,0.879902636,0.796601298,0.944286
0.941837606,78.68692392,-7826913.735,-1.556346046,87.31607746,98.76167029,0.166487174,0.093630174,614548.795,16195.03149,0.05179575,68.87511596,0.026707808,23.39483182,0.984170646,0.789920354,0.853512826,0.8870455,0.86175575,1.017143
0.95676569,102.4243335,-3731994.748,-4.452179583,90.38537133,96.52395908,0.194113265,0.140541265,188034,268.0546779,0.051876503,71.27324583,0.030769141,22.85492281,1.013361099,0.776703901,0.862315735,0.8950325,0.891513492,1.047143
0.962488225,123.4654865,-589046.9792,-3.384551763,92.71724755,97.381,0.21700891,0.17629391,175489.4624,160.1677621,0.051433997,73.7614449,0.034816808,22.48730843,1.046331931,0.764122706,0.87227709,0.905227318,0.927127009,1.081429
0.9649881,133.1157405,-857044.8654,-7.872474785,92.52067344,92.12752521,0.242435186,0.191721186,108666.5664,121.8740703,0.051401265,74.9305993,0.041272814,21.4495194,1.075713019,0.760325981,0.882564814,0.9180195,0.944367206,1.098571
0.967478085,100.9635144,-1256245.556,-18.27947601,88.92062362,81.72052399,0.209173878,0.142030878,-214459.532,103.2166289,0.052116907,68.36887838,0.04889191,18.31033417,1.091714591,0.767051682,0.890826122,0.929383136,0.942220279,1.064286
0.972372049,58.65570729,-12319263.32,-38.25504407,79.86206773,61.74495593,0.146223827,0.104794827,-758009.2884,139.7043534,0.052637668,58.48636999,0.056336987,14.13093513,1.095990296,0.778620158,0.895919173,0.937305227,0.940657995,1.002857
0.982307454,59.96893349,-9071428.191,-27.16031885,77.86532904,73.87185166,0.157952524,0.062238524,201729.6456,278.3419384,0.054595955,62.61430566,0.066913923,16.23236797,1.107549219,0.783100235,0.902761476,0.945324727,0.934783136,1.046429
0.994112341,62.62640997,-8192397.485,-30.76917554,75.74238769,71.49650498,0.151032044,0.097461044,-27700.554,267.6625924,0.05454936,61.53407689,0.072477128,15.28105666,1.116805455,0.788259635,0.908967956,0.952532545,0.934922921,1.039286
1.002448423,127.0238799,14927202.52,0,83.82825846,100,0.257346814,0.133775814,3220213.486,336.2167227,0.058401465,71.76367761,0.08245425,21.37455764,1.152911128,0.779556509,0.921224186,0.966233818,1.003366604,1.178571
1.020470353,165.2369859,24430587.3,-1.701172666,88.68884981,98.41003253,0.29366704,0.22938204,517591.788,187.8050238,0.058668931,74.08542244,0.091900199,21.30611834,1.194289908,0.767788092,0.93490396,0.981039,1.046136207,1.222143
1.048766155,124.7863273,13621703.09,-23.09116174,85.15654657,78.09194009,0.275772421,0.180772421,-1297662.257,200.3482927,0.060417953,63.48704845,0.097468,16.73170336,1.211470569,0.774113886,0.944227579,0.992792227,1.04088914,1.14
1.079696105,108.2051373,18419067.48,-17.52571963,85.09848981,84.98237629,0.217749332,0.155606332,155024.205,498.4621515,0.060496373,65.29999295,0.105054955,17.1833578,1.231765229,0.777975043,0.954393668,1.004870136,1.040653881,1.167857
1.103823882,100.419331,19468639.31,-22.15192677,83.88190337,81.44873047,0.205122869,0.162265869,-49980.9996,528.102004,0.059694499,63.55713159,0.105792109,15.95520745,1.248063676,0.780832415,0.963448131,1.014448045,1.043059502,1.153571
1.124123039,101.2976217,20244381.07,-19.1487397,83.95429842,84.09908851,0.205278963,0.170278963,37022.468,824.6763636,0.05857191,64.32620056,0.105251833,15.8307867,1.263299907,0.788323457,0.972578037,1.025811682,1.04642727,1.164286
1.131669582,86.50351498,19273685.03,-21.55321225,82.76581048,80.38883461,0.205103016,0.144389016,-72807,430.002,0.058669287,62.34274523,0.100604391,14.76018645,1.271656272,0.804577546,0.980610984,1.038116909,1.046135139,1.149286
1.12982565,65.540031,16081354.09,-27.32347086,79.85328121,74.02822266,0.177176242,0.135033242,-88058.446,261.951526,0.057918024,58.98493914,0.094171263,13.31266438,1.271238028,0.829606153,0.987109758,1.050422091,1.048388929,1.123571
1.122541111,31.47645131,17925154.09,-30.03524741,76.557105,69.96475259,0.132433711,0.078862711,-90869.8392,474.0815639,0.057720415,56.8773222,0.091423987,12.22099714,1.262025945,0.863818236,0.992566289,1.062922091,1.048981756,1.107143
1.105220955,10.87798988,15190855.86,-38.83848149,71.42524284,61.16151851,0.111510956,0.067939956,-180754.4648,552.6342161,0.057077206,52.9772679,0.091286635,10.19172165,1.251765905,0.89277955,0.996346044,1.072272727,1.050911382,1.075714
1.126996302,47.02400173,19085396.46,-18.81185648,74.67954306,81.18814352,0.179753094,0.085468094,642600,-259.7246663,0.059385561,60.80498909,0.089958731,14.65293113,1.24824559,0.92084532,1.003817906,1.084545455,1.043986316,1.160714
1.146102556,69.43270571,16458727.8,-14.16105192,78.39934473,85.83894808,0.198789795,0.158789795,131342.6268,-502.3246349,0.058958913,62.49982795,0.089198635,15.6308658,1.24887777,0.943394957,1.011924205,1.096136364,1.045266262,1.182143
1.159751146,91.84914395,31844390.53,-1.768287987,85.01013383,98.23171201,0.267772906,0.094200906,1720997.879,588.1380063,0.064168974,69.38937626,0.080682179,21.01109326,1.269713228,0.953208863,1.024370094,1.111461045,1.093207077,1.285714
1.181449481,151.872598,36594826.65,-7.214702829,87.60185494,92.78529717,0.331314561,0.252028561,1129887.052,274.5471207,0.065083448,72.23121091,0.072394635,22.48519474,1.297511014,0.961320168,1.038685439,1.129415591,1.144035657,1.339286
1.19885092,165.625418,40245663.49,-5.379595417,89.94137149,94.62040458,0.344629987,0.281772987,562177,195.3848639,0.064982239,73.93383449,0.073319545,22.02152561,1.335838732,0.955459995,1.053941013,1.145649364,1.179339284,1.374286
1.220580347,148.3607299,31591677.64,-15.22132358,88.6556006,86.08405882,0.339257202,0.262114202,-427675.1724,184.3542857,0.065535035,70.06280974,0.072010038,19.16260202,1.361981893,0.956394743,1.067171798,1.159188318,1.177680894,1.345
1.237546887,128.2206026,26450433.5,-22.75455628,86.28817336,81.55331888,0.321822036,0.228965036,-163016,205.1105184,0.066777017,67.46495092,0.07181775,17.31923188,1.381675727,0.958843727,1.078891964,1.170259727,1.173954948,1.325
1.24604103,85.62532223,22746016.07,-36.34428544,81.74331105,72.65358642,0.240277497,0.179563497,-353432.5704,196.4538373,0.06650141,62.5580876,0.068804904,14.98898357,1.393134086,0.964398368,1.088293503,1.178766227,1.174781771,1.285714
1.256247914,116.3559771,31420637.88,-8.413103766,85.45559694,92.88016872,0.290816672,0.180816672,1125253.601,234.4014426,0.068478726,68.21609204,0.073850673,18.14779639,1.416398378,0.969380804,1.101326328,1.192889591,1.169563821,1.375
1.262215384,169.0756078,46509757.98,-2.08023465,89.65827309,98.0636254,0.363278947,0.256849947,1791727.963,159.1888695,0.070203829,72.96729652,0.086520147,20.8748098,1.450735611,0.977641025,1.118150053,1.214188318,1.260817514,1.471429
1.271981831,208.4460363,70692995.07,-2.142833333,92.39123762,97.85716667,0.427122013,0.304979013,2472431.248,157.011731,0.072564818,76.17735078,0.105499096,21.89322321,1.502004857,0.972345779,1.137877987,1.237175318,1.334448547,1.552143
1.294615164,196.8688623,55846040.25,-15.41258404,89.78996373,84.58741596,0.440466313,0.324752313,-1251154.265,147.8767568,0.074526237,70.80840534,0.125609006,19.01824139,1.53106366,0.985559703,1.154533687,1.258311682,1.328564289,1.504286
1.328395301,142.7351009,51578443.53,-26.19055556,84.46312397,73.80944444,0.339016092,0.268302092,-420112.917,224.8366671,0.074352946,65.53701221,0.135041256,16.47002097,1.553282665,0.988340699,1.168126908,1.270811682,1.329084163,1.453571
1.339272938,77.77002719,41299279.85,-55.88720125,74.52320506,54.64336724,0.293410949,0.149124949,-1689810.843,427.5040469,0.077531858,56.64616762,0.135870006,12.730132,1.560569363,0.993067,1.176589051,1.276818182,1.319547425,1.354286
1.369205085,101.7017507,30677386.51,-37.84191489,71.84454433,66.48722287,0.284619227,0.209619227,1430700.748,-2764.29,0.079364895,60.31662105,0.132564192,14.51486288,1.572319884,1.006511298,1.187523773,1.289415591,1.314048315,1.417143
1.389234716,89.33959755,32889181.43,-34.31525773,70.77654568,68.64054839,0.247948103,0.198662103,91803.4096,812.8702715,0.077997619,60.96370713,0.125032109,14.49192311,1.584674402,1.017858053,1.198480897,1.301266227,1.318150144,1.428571
1.391758054,74.00938979,28312710.86,-42.31342934,68.04575681,62.58417905,0.251807123,0.181092123,-189129.9564,557.9332052,0.077666578,58.09441262,0.118498205,13.02416781,1.59047687,1.034133585,1.207478877,1.312305227,1.319143266,1.396429
1.400736589,90.87807473,20628164.06,-37.5987243,68.01973163,67.96768127,0.300490445,0.194062445,294715.5792,515.479384,0.079655805,59.90106193,0.117362679,13.68140522,1.598084242,1.050227485,1.217366555,1.324155864,1.313175585,1.425
1.414816969,63.52783816,23384768.74,-32.67468085,69.03426183,71.06332224,0.243877439,0.136734439,102927.685,1019.996,0.080905266,60.94376972,0.115471673,13.90027453,1.604067371,1.070802811,1.227551561,1.337435091,1.309427202,1.441429
1.432516474,75.63310708,23384871.37,-29.15405715,70.69758757,74.02423904,0.247726123,0.190583123,92156.3244,-1433.326667,0.079825128,61.96259778,0.118631038,14.12778958,1.605869923,1.099324986,1.237987877,1.352597455,1.312667617,1.457143
1.455939238,81.80293035,27359098.03,-17.87169266,74.58800721,82.3688465,0.261466152,0.186466152,240003.5484,-384.2084211,0.079605797,64.75318051,0.115787635,15.5545768,1.606198084,1.134841007,1.249962848,1.370519545,1.31332561,1.501429
1.466981432,82.27649371,23663283.28,-20.99605437,76.05998668,79.00394563,0.289418283,0.214418283,-85554.1064,-12650.57753,0.079396436,62.75389068,0.104519276,14.72655868,1.589018992,1.189098008,1.260581717,1.3890585,1.313953692,1.483571
1.456881736,35.99045629,20093324.93,-30.08479101,74.01172745,69.91520899,0.209703807,0.166846807,-218023.47,1095.233333,0.077962785,58.33191337,0.084120917,12.36899828,1.574841594,1.228924769,1.268867193,1.401883182,1.318254646,1.442857
1.452876516,13.81502039,23140231.96,-36.70024465,71.77996204,67.3164312,0.173386287,0.131957287,-22537.2952,304.8390557,0.076302113,57.94622922,0.066561365,11.79987631,1.55643965,1.27070335,1.276613713,1.4135715,1.323236661,1.439286
1.457273773,25.54772828,26801770.69,-26.38672289,72.39106706,73.61327711,0.187485229,0.150342229,135996,951.6009574,0.074522107,60.31986872,0.053942372,13.57097787,1.554569313,1.28926205,1.285371771,1.421915682,1.328576679,1.469286
1.467223675,74.3046299,39510804.55,-8.685578699,78.90113467,91.9212699,0.273184218,0.171041218,1336614.384,563.1462606,0.075777633,66.965352,0.052843417,19.64810519,1.573539829,1.291135626,1.298244782,1.432337727,1.3412381,1.568571
1.468672201,189.4405727,85295375.64,-1.001502839,85.64595321,99.13559028,0.444369304,0.295084304,9263599.695,172.1996956,0.08119696,75.46535594,0.058333333,25.79686009,1.645729994,1.253945461,1.319201696,1.449837727,1.515695121,1.759286
1.493963268,144.8249627,70609566.45,-28.28948732,82.16935309,75.21615286,0.414754779,0.269040779,-3624793.469,137.1795409,0.084616675,64.37493079,0.058374571,18.61060625,1.669344586,1.25721396,1.333816221,1.463279273,1.505435975,1.640714
1.488504583,36.00629467,50037382.37,-62.2256503,69.04471624,42.79544253,0.308824919,0.091681919,-5912314.489,281.3633741,0.090640729,53.00465863,0.057866282,10.49203773,1.666961533,1.273687922,1.340461081,1.470324727,1.487363814,1.48
1.515712356,49.01311143,63682950.95,-38.47258702,66.53894849,61.52741298,0.276832251,0.098975251,3321104.891,3087.522422,0.094605186,57.65805947,0.061204199,14.89153555,1.666305574,1.300447789,1.351024749,1.483376682,1.475470442,1.572857
1.513539989,28.27493282,54683716.2,-52.52228786,60.18520304,47.47771214,0.227430506,0.133859506,-927335.1318,1056.008848,0.094558177,53.81744279,0.061730718,11.19826474,1.666205126,1.312885874,1.358283494,1.4895455,1.47561147,1.510714
1.537816821,44.52993474,74138334.08,-46.50733071,59.6993424,58.72762112,0.220794428,0.131508428,1639637.247,2942.0882,0.094318528,57.36774946,0.063058538,14.8802647,1.675433779,1.313787039,1.368491572,1.494610409,1.476330416,1.582857
1.563496097,84.10248762,85220460.7,-42.0935787,62.85556695,69.16801604,0.262543425,0.198972425,920186.2488,592.8571429,0.092920888,59.49275611,0.061977897,16.93193437,1.686324205,1.309844613,1.380313575,1.498084409,1.480523336,1.628571
1.582190413,79.83659921,89344985.67,-47.4875565,64.95971664,69.16801604,0.271258804,0.161972804,0,460.7565312,0.093664769,59.49275611,0.060874423,16.35929539,1.700040496,1.307426959,1.391598196,1.503733727,1.478291692,1.628571
1.590243436,72.68089086,83534541.03,-47.8165445,64.73120471,64.27418084,0.230033153,0.195033153,-321081.4376,528.7020121,0.090998146,57.92320171,0.065636346,14.828097,1.710438361,1.310990184,1.401395847,1.510714273,1.486291563,1.607143
1.600602242,70.77706478,80656885.9,-33.60503543,65.28579133,66.39496457,0.231686767,0.188829767,114533.524,1981.452867,0.088809878,58.43496852,0.07482134,14.89211031,1.714365394,1.330894333,1.411170233,1.522629864,1.492856367,1.616429
1.62320726,99.62723774,80143454.4,-25.73083935,68.9860412,76.38654094,0.319240058,0.178526058,763751.9358,-408.000308,0.091169191,61.31891132,0.086982506,16.91814998,1.729511782,1.338670036,1.422902942,1.534090909,1.485778427,1.669286
1.637959372,93.69055201,72603094.16,-28.65501545,70.55835883,73.7029941,0.294241722,0.202098722,-160345.689,1809.960801,0.091213456,60.40395938,0.088548468,15.80661043,1.740917412,1.348173498,1.433615278,1.544545455,1.485645633,1.658571
1.643254513,84.73971067,81254496.76,-20.1904,74.0514408,81.03760472,0.254828124,0.186971124,394587.8496,205.6005734,0.090151784,62.06982976,0.073585051,16.71116072,1.751595942,1.363988422,1.445171876,1.557792182,1.488830647,1.687857
1.640592408,57.59150053,74661505.55,-36.71388247,71.90791797,67.62087231,0.218374916,0.172660916,-538195.6944,263.9756522,0.088846141,57.31927314,0.062280154,13.58353305,1.754217978,1.380392386,1.453768084,1.567305182,1.492747578,1.634286
1.635501958,33.48864414,73476224.07,-37.03044191,68.92846467,62.96955809,0.188870647,0.131727647,-110061.3864,238.7272198,0.087405071,55.72690859,0.065952308,12.25969115,1.754396725,1.39605773,1.461129353,1.575227227,1.497070787,1.615714
1.643576431,63.4343199,77342624.69,-24.73343284,71.50564312,76.66,0.23960341,0.15031841,766220,734.7871078,0.087750299,59.92327512,0.065242583,15.40253308,1.761833545,1.408945546,1.47111059,1.585389545,1.496035102,1.680714
1.655472904,118.81902,93407871.65,-1.94529637,80.40106165,98.19189873,0.317673043,0.196245043,2106823.005,500,0.089346076,66.08600947,0.073667551,20.20291579,1.792498523,1.405098749,1.485897957,1.598798636,1.528390771,1.796429
1.676452564,123.1313031,78090333.85,-27.46226232,79.15086272,76.65046486,0.354305232,0.239305232,-914901.386,224.2550251,0.090512176,61.84987608,0.075032013,17.00509684,1.807453663,1.414234519,1.497837768,1.610844091,1.524892471,1.748571
1.691242704,93.86180454,75386963.74,-25.21438228,78.21008612,76.32853291,0.27511606,0.21583006,-15257.8944,284.851656,0.08909279,61.72274151,0.073154782,16.45308747,1.814456874,1.434893672,1.50916994,1.624675273,1.52915063,1.747143
1.693591235,47.53697613,75224943.98,-34.4604709,73.98656711,65.5395291,0.239331336,0.125045336,-620552.1476,302.1879829,0.090237947,57.45996904,0.069734506,13.62862079,1.809541422,1.463445487,1.517811664,1.636493455,1.525715159,1.699286
1.663131248,-68.81890303,50235355.81,-88.16460909,53.51937807,12.585,0.156536789,-0.049891211,-6529808.706,1300.006667,0.096720692,43.10486748,0.060187808,1.060442754,1.807470888,1.466944566,1.516320211,1.637207727,1.506266925,1.485
1.628754826,-76.97764019,64670240.33,-77.98525298,45.31672824,28.91142857,0.049843557,-0.050156443,1385751.339,-341.9770584,0.096869753,47.61490338,0.052257333,5.163835065,1.808056265,1.464995554,1.518013443,1.636525909,1.505819742,1.553571
1.599862339,-79.33958286,63110165.83,-142.3426681,36.67369184,19.38761905,0.038617488,-0.034954512,-378056,-471.2762313,0.095810755,45.3562667,0.036561314,3.425379172,1.79538365,1.455330441,1.517811512,1.625357045,1.508996736,1.513571
1.605592483,-29.03649154,73285532.33,-95.70212527,38.84817551,43.19714286,0.109264748,-0.015021252,1427860,-513.015781,0.097105095,51.54455766,0.026108045,9.379108386,1.794076812,1.454169733,1.522164252,1.624123273,1.505113716,1.613571
1.595241198,-16.58903302,65410975.68,-64.79595238,37.63346622,35.20404762,0.13234983,0.05377783,-274335.4978,-32697.85348,0.096262675,49.51717744,0.012861731,6.934886659,1.787451525,1.469885929,1.52479317,1.628668727,1.507640976,1.58
1.604803259,-14.79399793,71694972.17,-57.5489316,39.23933361,42.4510684,0.11013276,0.04227576,565265.0332,-664.541176,0.094971498,51.98380893,0.009725231,9.35427463,1.787722587,1.473965504,1.52915324,1.630844045,1.511514506,1.620714
1.60700736,-14.82521782,71695055.57,-66.07138889,38.93733064,38.33332469,0.141977062,0.020548062,-65100.2128,-338.2096008,0.09617412,51.5555046,0.015183154,8.560400999,1.783272608,1.487831119,1.533022938,1.635551864,1.507906639,1.614286
1.61320174,-14.72430251,75576191.17,-63.48898033,39.97050241,42.03684595,0.106204939,0.041919939,103954.802,-411.7027218,0.094724605,52.49228452,0.011304942,9.379065531,1.783519125,1.491740421,1.537366061,1.637629773,1.512255185,1.628571
1.611578237,-19.95325392,74266643.25,-89.79062293,38.80747975,36.48143443,0.09874824,0.04160524,-224484.0136,-477.1042067,0.093016339,50.90221578,-0.009359006,7.984484506,1.783083686,1.49022786,1.54053776,1.636655773,1.517379982,1.607143
1.632337971,20.36523686,72653155.23,-62.91849202,42.97041892,51.29629726,0.185980285,0.061694285,1002722.507,-585.2674647,0.094470151,54.83157269,-0.019899256,11.77105512,1.785122823,1.491435541,1.546162715,1.638279182,1.513018547,1.664286
1.639757598,33.37223854,77816179.33,-57.82123779,49.20250438,61.66667531,0.165220821,0.093078821,341936,213.1454771,0.093455229,57.40158198,-0.03091575,14.1405853,1.791444823,1.493944722,1.553350179,1.642694773,1.516063313,1.704286
1.651979296,74.16468429,73536702.29,-43.34286496,56.69052679,71.6665716,0.238035827,0.153035827,479082.6768,234.5944332,0.093557901,59.77813506,-0.033438679,16.12420153,1.802609353,1.494273647,1.561964173,1.6484415,1.515755297,1.742857
1.655707696,85.69542013,86206287.55,-14.81488868,67.91712659,90.3703262,0.243677137,0.114391137,945361.872,153.581117,0.095181914,63.84147147,-0.013109026,19.42667858,1.824727099,1.485402628,1.573465863,1.655064864,1.529454257,1.815
1.664382276,62.54875185,70929662.13,-79.42003579,62.91841725,52.92099857,0.303542423,0.085685423,-2465271.782,160.9912177,0.100758083,53.47352199,-0.004262833,11.76851806,1.826518053,1.486144219,1.578600577,1.656331136,1.512725751,1.686429
1.657230908,-6.177144177,68896800.07,-95.7144,56.09219625,42.43975425,0.110621662,0.025621662,-554741.2752,393.9555948,0.100041803,50.481457,0.005137385,9.326457019,1.823965749,1.484605615,1.581521338,1.654285682,1.514874591,1.642857
1.641367597,-40.38054983,91517571.58,-101.9553094,49.82321383,37.28524899,0.100950669,-0.096192331,-1337814.324,1906.430926,0.104455514,49.02854256,0.00559991,8.102265786,1.823758136,1.48364441,1.583335331,1.653701273,1.501633457,1.621429
1.625304694,-38.03421711,94355110.69,-96.29639872,44.21197829,32.98950721,0.047887862,-0.019969138,-320965.4056,6119.851603,0.102791938,47.79396858,0.01009166,7.094759109,1.823800634,1.482498002,1.584255138,1.653149318,1.506624186,1.603571
1.605204104,-61.33650623,96244311.11,-121.3701604,37.43565423,23.88300611,0.023016644,-0.067698356,-698749.3632,-1762.856,0.102242984,45.19581728,0.00907975,5.278737321,1.822045052,1.473799038,1.583412356,1.647922045,1.508271048,1.565714
1.57554587,-169.5802931,76237174.19,-255.357,29.57558586,13.85544912,-0.04877671,-0.28449071,-12827472.84,-1103.437206,0.110160517,34.75404043,0.001011974,-3.003273612,1.826380878,1.430826849,1.57377671,1.628603864,1.48451845,1.371429
1.568789585,-86.55808997,107918326.7,-226.6013793,34.57645841,44.57820351,-0.017858265,-0.187144265,5869562.378,-202.9266844,0.11349737,47.09452686,-0.002133603,6.56547665,1.812399355,1.4270811,1.572858265,1.619740227,1.474507891,1.553571
1.554694798,-50.36534618,93052394.34,-233.6362421,35.74172232,38.07225014,0.022628666,-0.061657334,-676612.482,-488.622234,0.112169575,45.14717376,-0.005938571,5.011454391,1.797997357,1.420379189,1.570228334,1.609188273,1.478491274,1.515
1.54934492,-48.04984174,92025626.62,-145.9700944,37.5225732,41.08427496,-0.006386631,-0.059958631,196448.4284,-323.1970051,0.10950604,46.2551824,-0.011204179,6.322848595,1.788633073,1.414613564,1.568529631,1.601623318,1.486481881,1.532857
1.553378791,-30.36519715,100046891.9,-75.25774932,40.75802448,47.22892704,0.013578988,-0.039993012,561924.6108,-241.7713713,0.106963575,48.53892132,-0.01371791,7.994339006,1.785786571,1.425122429,1.568564012,1.6054545,1.494109275,1.569286
1.552438879,-32.33108229,96549385.96,-80.17239298,41.83063833,43.97586602,0.04299381,-0.05272019,-251076.7196,-503.6570687,0.106452229,47.39081106,-0.022151981,6.937299566,1.785826266,1.424758098,1.56772019,1.605292182,1.495643313,1.55
1.547331239,-48.0264649,95426698.5,-86.76212038,41.74248511,41.56617869,-0.005551359,-0.049836359,-124282.4856,-609.2303219,0.103626437,46.51315879,-0.037293929,6.04851172,1.784926775,1.427670588,1.566265359,1.606298682,1.504120689,1.535714
1.583730579,13.04573829,99604361.86,-66.66666667,47.10542846,57.83131514,0.143597194,-0.040688806,3247844.435,-651.6607362,0.107292792,52.85925279,-0.03923534,11.39706645,1.786090231,1.428195496,1.569259806,1.607142864,1.493121625,1.632143
1.609874622,38.19745255,94233286.84,-75.99976282,51.76507769,61.08437616,0.15129122,0.03771922,366017.4224,2229.952401,0.107578211,54.03392357,-0.044922122,12.28663563,1.789864508,1.430914765,1.57299478,1.610389636,1.492265367,1.651429
1.645399569,91.98918747,116304275.9,-33.79313452,61.93976925,82.28915236,0.218439731,0.069154731,4055206.784,721.6601528,0.109473979,60.87735715,-0.040544878,18.2687065,1.810568882,1.424431209,1.582274269,1.617500045,1.486578063,1.777143
1.651899076,125.3145853,103765237.5,-31.52185822,68.80318613,82.53001989,0.25808913,0.17451713,25863.6504,135.5634757,0.108296613,60.94847913,-0.036153853,17.4967218,1.829861709,1.420073381,1.59119687,1.624967545,1.49011016,1.778571
1.66059078,138.8346266,102787186.3,-18.8679806,75.98926387,90.36141936,0.272461689,0.177461689,1207711.148,164.1271111,0.107724721,63.28548213,-0.022678571,18.60980197,1.855856948,1.411935324,1.601824311,1.633896136,1.501825838,1.825
1.668007657,97.66105889,99467583.38,-38.09533333,77.56712216,80.72283873,0.219199731,0.123485731,-706081.7652,121.6593548,0.107178777,58.63461645,0.003131827,15.53695166,1.869947548,1.412455088,1.609371269,1.641201318,1.503463668,1.767857
1.669660124,187.4591864,124020431.8,-6.813699222,83.84543946,96.40207407,0.33988612,0.20917112,6725833.582,177.2042553,0.111235615,66.59823032,0.023054013,20.93200591,1.915594432,1.391873114,1.62439988,1.653733773,1.606293156,1.94
1.684295816,214.7786382,129986006.5,-3.092706132,88.72269199,98.47719704,0.352196034,0.273625034,345682.1718,148.9406928,0.109750856,68.21170141,0.04783425,20.64739135,1.962942726,1.369784547,1.640660966,1.666363636,1.652890431,1.982143
1.703000419,195.6720525,118983074.1,-39.21557264,86.79460659,82.93843579,0.389758508,0.225472508,-1320972.219,133.0580387,0.112229731,62.93975879,0.068630962,17.65904336,1.987680837,1.36063089,1.653098492,1.674155864,1.645453806,1.914286
1.720445358,191.3676342,125433434.1,-23.54112676,87.49973878,88.91000317,0.304412867,0.243697867,483777,166.0376362,0.109888148,64.87836271,0.087587,18.40595163,2.012112468,1.349316168,1.667016133,1.680714318,1.652478555,1.959286
1.745169105,196.4957138,126954151.7,-19.6227392,88.38053805,90.14213657,0.322133803,0.240705803,89433.12,176.4191806,0.108594503,65.28190662,0.110764647,17.78180704,2.046968491,1.340109418,1.680723197,1.693538955,1.656359492,1.968571
1.77062229,170.6527019,121165098.3,-27.70487063,86.91404918,83.98107146,0.304017156,0.215446156,-406439.9976,178.8290419,0.107684342,61.47809344,0.134587949,15.90475808,2.071886733,1.340580812,1.691696844,1.706233773,1.659089974,1.922143
1.804081299,130.2176206,119293911.5,-27.12078515,84.60937497,80.00002654,0.245620952,0.157762952,-238098,336.4524138,0.106783143,59.08251028,0.150512846,14.66851341,2.090400466,1.346677443,1.700808048,1.718538955,1.661793571,1.892143
1.836506921,176.2627536,126434223.4,-6.865647939,88.28619228,95.6398269,0.32442375,0.17728075,1398043.305,454.7141901,0.108617685,64.87340563,0.172893763,17.03644772,2.124974385,1.349051615,1.71486225,1.737013,1.684146945,2.01
1.854049589,119.8757644,113006835.1,-30.08121136,85.17659181,78.95739088,0.278865659,0.146007659,-2211082.975,317.76,0.110109111,55.80155336,0.174212462,13.4497081,2.13643178,1.366555311,1.722563341,1.751493545,1.679672668,1.884286
1.841010065,44.39774514,110083559.8,-29.57345758,80.25990868,70.42654242,0.201578713,0.023007713,-870033.8668,563.8002559,0.113221019,51.81154968,0.170851686,11.39008534,2.118026371,1.425739902,1.726992287,1.771883136,1.670336942,1.82
1.831492987,6.550064172,119690239.9,-36.08697042,74.81094898,63.91302958,0.089429449,0.024429449,-244884.8976,-457.1416667,0.111029152,50.93985649,0.162156635,10.67323848,2.115616014,1.45107235,1.730570551,1.783344182,1.676912545,1.805714
1.81696862,-52.18336651,122235250.5,-59.49192006,63.3766593,40.50807994,0.093968656,-0.119603344,-2924768.647,-295.1402547,0.115690196,46.20952595,0.153914872,7.819691791,2.104265964,1.481513309,1.730317344,1.792889636,1.662929411,1.725
1.794831592,-84.01729103,121592650.5,-67.78073915,52.99085982,32.21926085,-0.002348644,-0.087348644,-483789.1212,-281.8856122,0.114295186,43.80589075,0.127884628,5.952328653,2.093350683,1.505870135,1.728062644,1.799610409,1.667114443,1.680714
1.788747186,-47.05505846,128690761.3,-54.16655324,51.06925587,47.22604796,0.055290838,-0.052566162,963150.5856,-191.2812487,0.114002541,49.17825711,0.094619994,8.398049577,2.084313078,1.532635013,1.729709162,1.808474045,1.667992378,1.764286
1.8311045,29.84467342,149191675.3,-26.11635348,58.67405275,73.88364652,0.171609064,0.037323064,3081467.743,-297.2039063,0.115411518,56.68680929,0.08032966,13.17655432,2.07768208,1.571538738,1.737676936,1.824610409,1.663765447,1.905
1.853151731,46.96186653,142120917.4,-29.85080581,62.4990999,70.14919419,0.209165099,0.127023099,-209091.0976,-4091.63507,0.113899265,55.47702116,0.059940429,12.06718126,2.059148127,1.621890873,1.744405901,1.8405195,1.668302204,1.885714
1.884008597,42.09774187,146778458.1,-21.94440448,67.68459844,78.05559552,0.182871995,0.110728995,245087.5812,-10743.73931,0.112001251,57.70897152,0.041451449,13.78363033,2.05476925,1.653347659,1.752842005,1.854058455,1.673996247,1.93
1.889485954,40.38077827,141000772.8,-32.72712968,67.54735573,67.27287032,0.202547033,0.133975033,-214156.7876,-771.43,0.110027192,55.76666115,0.026950551,12.00191624,2.045284307,1.685559875,1.759595967,1.865422091,1.679918423,1.901429
1.896448084,23.86947952,141929594.2,-34.85391949,67.8415354,68.42989473,0.162300798,0.108729798,26789,3033.313889,0.107460999,56.04547103,0.014432244,11.99392868,2.047484933,1.695112522,1.766270202,1.871298727,1.687617002,1.906429
1.87981748,-1.926920104,137792278.6,-68.29903696,63.96045542,56.19829547,0.141904577,0.076190577,-279428.5312,533.0560344,0.105563407,52.29291886,-0.010828776,8.767588877,2.046215668,1.703199968,1.770238423,1.874707818,1.69330978,1.853571
1.876923001,-24.1024539,145188886.1,-65.04053936,62.7505449,60.33072386,0.103733001,-0.003408999,152407.3152,1043.289383,0.105635161,53.4274668,-0.0211035,9.683138366,2.046899635,1.70673682,1.774837999,1.876818227,1.693094517,1.871429
1.844172821,-49.03642301,138849686.1,-84.10129032,55.05686578,39.66950755,0.081972955,0.006972955,-566001.8112,298.0495667,0.104892017,47.36272992,-0.029285712,4.340715223,2.045906881,1.709028301,1.775170045,1.877467591,1.69532395,1.782143
