Date,Open,High,Low,Close,Adj Close,Volume
9/10/2013,869,876,851,871.049988,850.405823,27061
9/11/2013,872,879,842,865.5,844.987427,10253
9/12/2013,870.099976,873.400024,863,867.5,846.940002,7050
9/13/2013,870,870,852,858,837.665161,8054
9/16/2013,863.849976,866.700012,854.549988,856.150024,835.859009,5628
9/17/2013,857.5,865,852,858.75,838.397339,3745
9/18/2013,865.849976,866.25,852,854.849976,834.589722,6807
9/19/2013,864,894.150024,860,886.799988,865.782654,14150
9/20/2013,880,893,857.200012,867.299988,846.744751,9496
9/23/2013,873,882,860.450012,878.799988,857.972168,14992
9/24/2013,871,883.049988,871,875.799988,855.043274,6563
9/25/2013,880.25,930,880.25,921.25,899.416077,39019
9/26/2013,925,949.549988,925,937,914.792786,35996
9/27/2013,938,948.200012,935.099976,943.450012,921.089966,8777
9/30/2013,939.200012,940,921.5,930.549988,908.495667,9583
10/1/2013,937.950012,937.950012,888,918.650024,896.877747,14132
10/3/2013,913.950012,932,905.049988,908.900024,887.358826,7936
10/4/2013,910,910,883.349976,888.349976,867.295837,15675
10/7/2013,888.799988,893.349976,866.049988,868.849976,848.258057,12953
10/8/2013,869.25,872.099976,852,853.150024,832.930176,21827
10/9/2013,859,892.900024,850.5,887.650024,866.612427,30078
10/10/2013,886,899.599976,885,896.099976,874.862244,12736
10/11/2013,906.400024,907,875,883.900024,862.951355,13815
10/14/2013,892,899.200012,886,888.299988,867.247009,6726
10/15/2013,960,960,884.099976,889.599976,868.516174,15315
10/17/2013,890.75,897,881.200012,888.599976,867.539856,4852
10/18/2013,890,900.900024,888,894.900024,873.690613,11068
10/21/2013,897,900,890,898.599976,877.302856,2249
10/22/2013,898,910.799988,893,900.75,879.401978,12114
10/23/2013,902.049988,907.450012,883.349976,890.650024,869.541382,7338
10/24/2013,894.900024,897.950012,885,888,866.954163,2413
10/25/2013,878.049988,898.700012,878.049988,891,869.883057,4509
10/28/2013,891.049988,895.900024,874.349976,878.950012,858.118652,2259
10/29/2013,887,899.900024,887,895.549988,874.325195,14631
10/30/2013,899.650024,901,890.049988,898.299988,877.01001,7918
10/31/2013,897.5,912.5,888.650024,906.400024,884.918091,17594
11/1/2013,911,916.900024,890,893.099976,871.933289,10587
11/5/2013,898,925,898,911.950012,890.336487,15448
11/6/2013,912,918.099976,892.599976,899.549988,878.230408,6063
11/7/2013,904.549988,923,897,899.599976,878.279236,12015
11/8/2013,900.900024,900.900024,886.5,891.700012,870.566406,6492
11/11/2013,898.400024,903.950012,884,896.099976,874.862244,7517
11/12/2013,904,907.400024,865.5,873.849976,853.139404,21593
11/13/2013,877,886.099976,873,878.599976,857.776917,5396
11/14/2013,881.099976,887.200012,878.099976,881.650024,860.754639,4496
11/18/2013,887,887,862,878.599976,857.776917,4589
11/19/2013,878,884.599976,864.650024,869.900024,849.28302,12087
11/20/2013,873,898,867.5,870.400024,849.771301,18309
11/21/2013,874.150024,895,873.25,880.849976,859.973511,21396
11/22/2013,882.900024,886.900024,872,876,855.238464,4607
11/25/2013,878,878,847.599976,850.450012,830.294067,22215
11/26/2013,855.099976,860,841,844.900024,824.875671,13473
11/27/2013,848.849976,848.849976,831.650024,834.400024,814.624451,9665
11/28/2013,840,850,840,843.650024,823.655334,8014
11/29/2013,846,846.099976,824.299988,835.799988,815.991333,10310
12/2/2013,833.049988,845,833,840.349976,820.433411,13346
12/3/2013,842.150024,854.849976,841,846.150024,826.096008,10322
12/4/2013,843,849.849976,829.349976,830.549988,810.865723,10616
12/5/2013,834.049988,845,830.549988,833.75,813.989868,12780
12/6/2013,837,844,832,834.599976,814.819641,7846
12/9/2013,850.950012,850.950012,818,833.099976,813.355286,22310
12/10/2013,838.150024,851.849976,829.299988,848.799988,828.683228,11838
12/11/2013,855,855.950012,843,851.900024,831.709717,12213
12/12/2013,854.900024,854.900024,837.049988,839.849976,819.945313,4933
12/13/2013,840,840,822.599976,824.400024,804.861572,8684
12/16/2013,828.849976,837.599976,825.75,829.25,809.596558,5433
12/17/2013,840,842.400024,820,822.25,802.762451,13488
12/18/2013,825,825.700012,819,822.200012,802.713684,4482
12/19/2013,825,828.450012,817,822.200012,802.713684,6342
12/20/2013,826,838,818.299988,831.099976,811.402588,10536
12/23/2013,834.900024,866.599976,832,850.900024,830.733398,29067
12/24/2013,854,884,850.400024,875.25,854.506348,31852
12/26/2013,879.900024,894.599976,879.900024,883.549988,862.609619,22421
12/27/2013,890,950,890,938.150024,915.915588,125480
12/30/2013,945.25,960.5,933,949,926.508484,39532
12/31/2013,950,953,939.599976,945.950012,923.530762,11077
1/1/2014,942.650024,987,942.650024,968,945.058167,38763
1/2/2014,972.650024,976.450012,920,930.700012,908.64209,20187
1/3/2014,930.700012,962.150024,922.299988,951.75,929.193237,22757
1/6/2014,959,959,937.200012,945.950012,923.530762,11261
1/7/2014,947,948.75,923,931.400024,909.325562,11472
1/8/2014,935,937.049988,904,909.049988,887.505249,13730
1/9/2014,908,910,879.799988,895.75,874.520447,20866
1/10/2014,900,920,895.599976,916.299988,894.583374,27027
1/13/2014,920,930,888.400024,899.299988,877.986328,13299
1/14/2014,904,911.799988,894,900.950012,879.597229,6224
1/15/2014,906.200012,910.900024,895,907.349976,885.845581,7944
1/16/2014,910,930,906.650024,922.5,900.636475,17770
1/17/2014,924,933.75,921.049988,926.950012,904.981018,9226
1/20/2014,926.950012,942,926.950012,939.099976,916.843018,9050
1/21/2014,941,948.650024,930.150024,946.950012,924.507019,77081
1/22/2014,946,946,928,942.099976,919.771912,6900
1/23/2014,942.150024,944.950012,930,941.25,918.942139,5379
1/24/2014,930,944.849976,929,941.049988,918.746826,5288
1/27/2014,937,939,925,935.599976,913.426025,2826
1/28/2014,934.549988,934.549988,907,918.849976,897.072937,5235
1/29/2014,918,925.700012,903.049988,906.75,885.259705,1984
1/30/2014,900,933,897,919.849976,898.049194,8850
1/31/2014,917.799988,939.5,901,927.200012,905.225159,5782
2/3/2014,936,968.900024,934,939.049988,916.794189,43353
2/4/2014,934,940,916,929.900024,907.861084,5776
2/5/2014,935,945,923.599976,933.400024,911.278198,3780
2/6/2014,937,947.900024,924.650024,945.25,922.847229,10819
2/7/2014,947,953.099976,941,945.900024,923.481934,7251
2/10/2014,952.450012,959,932.150024,945.099976,922.700806,26976
2/11/2014,942,947,931.650024,941.75,919.430176,3904
2/12/2014,940,943.049988,931,936.5,914.304688,103721
2/13/2014,940,943,927,931.099976,909.032593,3776
2/14/2014,935,935.75,905,912.450012,890.824646,6656
2/17/2014,902.049988,925,902.049988,920.75,898.927979,2691
2/18/2014,920,929.700012,920,923.950012,902.052124,2844
2/19/2014,928,937.799988,924,929.400024,907.372986,3587
2/20/2014,926,926,904,907.700012,886.187256,8421
2/21/2014,910,916.849976,899.299988,902.049988,880.671143,6043
2/24/2014,905,915,903.450012,908.950012,887.407654,3196
2/25/2014,912.650024,917.950012,908,912.849976,891.215088,4423
2/26/2014,917.400024,917.400024,906.299988,909.549988,887.993347,2862
2/28/2014,905,929,904.299988,921.400024,899.562561,6797
3/3/2014,922,925,903,904.650024,883.209534,2869
3/4/2014,907.75,909.799988,891.099976,902.75,881.354553,8079
3/5/2014,902.900024,914.900024,902.900024,908.099976,886.577698,8048
3/6/2014,903.150024,913,896,900.299988,878.962585,8652
3/7/2014,910,910,884,887.450012,866.417175,8501
3/10/2014,889,889,863,872.450012,851.772705,11711
3/11/2014,878,885.900024,852.5,856.099976,835.810181,17897
3/12/2014,859,871,853.5,863.299988,842.839539,7675
3/13/2014,866,890,855,858.599976,838.250977,7272
3/14/2014,859,867.700012,858,864.049988,843.571716,3907
3/18/2014,862.099976,877,861,873,852.30957,7553
3/19/2014,877,890,863,883.150024,862.219116,11443
3/20/2014,888,888,871,874.700012,853.96936,3331
3/21/2014,879.950012,909.900024,879.950012,897.549988,876.277771,12099
3/24/2014,905,908.599976,890.099976,903.849976,882.428467,8381
3/25/2014,903.75,903.75,891.25,893.5,872.32373,3965
3/26/2014,898,908.650024,882,886.900024,865.880249,4616
3/27/2014,883.049988,924,883,908.049988,886.528931,14572
3/28/2014,915,915,876.650024,910.75,889.164978,11279
3/31/2014,909,918.150024,906.349976,915.900024,894.192932,5609
4/1/2014,915,920,881,905.700012,884.234741,6890
4/2/2014,903.599976,906,900,903.5,882.086853,5340
4/3/2014,902,925,896,914.599976,892.923645,17187
4/4/2014,917.599976,918,901.049988,903.200012,881.793945,9451
4/7/2014,902,902,887.099976,892.650024,871.494019,3680
4/9/2014,917,917,883,889.900024,868.809143,7991
4/10/2014,894.799988,896.450012,882.849976,892.549988,871.396301,7216
4/11/2014,888,905.049988,881.299988,895.349976,874.129883,10143
4/15/2014,890.049988,899.650024,883.049988,889.400024,868.320923,4338
4/16/2014,890,896.450012,882,886.549988,865.538513,2955
4/17/2014,900,900,875,887.599976,866.563599,4990
4/21/2014,890,899.900024,885.299988,893.5,872.32373,4190
4/22/2014,893.650024,901.900024,881.049988,885.5,864.513306,10544
4/23/2014,891.950012,897,881,884.299988,863.341797,11618
4/24/2014,884.299988,884.299988,884.299988,884.299988,863.341797,0
4/25/2014,884.299988,904.400024,884.299988,894.549988,873.348938,8171
4/28/2014,902,920,902,910.599976,889.018555,33341
4/29/2014,915,920,902.25,910.099976,888.530334,8289
4/30/2014,912.099976,912.099976,888,891.049988,869.931824,8967
5/2/2014,899.150024,913.200012,899.150024,907.349976,885.845581,10259
5/5/2014,913.950012,976.599976,912,952.150024,929.58374,104585
5/6/2014,958.799988,963.450012,940.299988,953.150024,930.56012,17223
5/7/2014,948,954,925,929.5,907.470642,6827
5/8/2014,933,941.299988,920.400024,924.099976,902.198486,7394
5/9/2014,925,940,921.5,927.650024,905.66449,5953
5/12/2014,932.200012,961.599976,929,950.25,927.72876,17855
5/13/2014,950,952.450012,941,947.099976,924.653381,6044
5/14/2014,951.349976,960.349976,946.599976,954.700012,932.073303,9946
5/15/2014,954,958.549988,928,938.5,916.257263,6145
5/16/2014,930,952,927.049988,937.049988,914.841614,9433
5/19/2014,950,950,900.599976,905.200012,883.74646,14067
5/20/2014,907,920,905.150024,909.849976,888.286255,267480
5/21/2014,911,916,903,905.799988,884.332275,5718
5/22/2014,917,917.799988,910.099976,914.450012,892.777344,12888
5/23/2014,919.799988,947.400024,912,915.549988,893.851196,17907
5/26/2014,915,919.700012,900,904.400024,882.965454,10330
5/27/2014,905.799988,925,900.650024,920.150024,898.342163,15744
5/28/2014,925,933.900024,908.75,924.950012,903.028442,22589
5/29/2014,925,930.549988,903,911.150024,889.555542,10806
5/30/2014,911.099976,917,902.599976,908.25,886.724243,5237
6/2/2014,914,926.900024,910,922.75,900.880554,4355
6/3/2014,920,930.849976,920,928.799988,906.78717,6027
6/4/2014,930,950,930,947.5,925.044006,13657
6/5/2014,954,964.650024,948,957.099976,934.416443,13904
6/6/2014,960,970,951.650024,959.450012,936.710754,12223
6/9/2014,965,972,955,959.349976,936.613098,11561
6/10/2014,963,1042.900024,963,1019.650024,995.483948,92294
6/11/2014,1026.5,1033,1001.349976,1012.799988,988.796387,19549
6/12/2014,1019,1041,1015.200012,1021.650024,997.436584,14373
6/13/2014,1021.650024,1031.400024,982,993.599976,970.051392,9505
6/16/2014,990,1007.599976,976.099976,996.349976,972.736206,12897
6/17/2014,993,1015.950012,989.5,1006,982.157532,6892
6/18/2014,1011,1020.150024,987.5,993.299988,969.758484,7009
6/19/2014,994.700012,1011.349976,991,997.849976,974.200623,6931
6/20/2014,1000,1000.549988,971.400024,983.25,959.946594,6038
6/23/2014,976.049988,977.150024,957.099976,963.849976,941.006409,9076
6/24/2014,964.599976,971,957,962.650024,939.834961,7768
6/25/2014,964,977,957.700012,963.700012,940.860046,11470
6/26/2014,964.5,979.950012,956.700012,971.5,948.475098,14351
6/27/2014,980,986.849976,972.049988,979.25,956.041504,5946
6/30/2014,983.650024,1002,982.150024,995.099976,971.515808,16010
7/1/2014,999.849976,1007.650024,987,989,965.560425,8554
7/2/2014,995,1038,993.549988,1026.75,1002.41571,25042
7/3/2014,1044,1052.400024,1024.599976,1028.599976,1004.221863,240668
7/4/2014,1040.699951,1070,1037,1058.300049,1033.218018,16916
7/7/2014,1060,1066,1044.25,1058.699951,1033.608398,6937
7/8/2014,1057,1065.900024,1025.150024,1033.800049,1009.298584,14586
7/9/2014,1039.900024,1045.599976,1008.849976,1014.700012,990.651306,11861
7/10/2014,1014.950012,1055,1006.650024,1032.599976,1008.127014,18447
7/11/2014,1040,1042.900024,1023,1030.449951,1006.027893,9094
7/14/2014,1040,1045.349976,1005,1022.549988,998.315247,9254
7/15/2014,1017,1035,1017,1033.150024,1008.664063,4183
7/16/2014,1039,1061,1036.75,1053.300049,1028.336426,5385
7/17/2014,1055.75,1105,1055.550049,1100.400024,1074.32019,26628
7/18/2014,1101,1118.5,1075,1086.75,1060.993652,11588
7/21/2014,1090,1095,1075.25,1079.949951,1054.354858,1689
7/22/2014,1080,1129,1080,1121.75,1095.164185,13246
7/23/2014,1116,1122.800049,1086,1092.099976,1066.216797,6179
7/24/2014,1095,1103,1078,1082.199951,1056.551514,3162
7/25/2014,1087,1087,1026.949951,1031.699951,1007.248291,9379
7/28/2014,1035,1043,1020,1022.400024,998.168823,4322
7/30/2014,1016,1026.400024,1002.599976,1019.700012,995.532898,4590
7/31/2014,1025,1027.800049,1006.299988,1010.950012,986.990234,6811
8/1/2014,1005,1011.299988,995.400024,999.900024,976.202148,3480
8/4/2014,1004,1012.349976,973.450012,981.599976,958.335754,10943
8/5/2014,984.450012,984.799988,971.549988,977.049988,953.893616,6969
8/6/2014,979.5,989.950012,963,965.799988,942.910278,8458
8/7/2014,969.549988,994,965,988.200012,964.779358,16513
8/8/2014,980,1014.799988,975.099976,1011.200012,987.234192,16788
8/11/2014,1015,1042.099976,1015,1037.400024,1012.813354,11616
8/12/2014,1042,1092,1029.900024,1079.25,1053.671387,39333
8/13/2014,1083.199951,1149.300049,1065,1128.25,1107.410156,48935
8/14/2014,1137,1144.599976,1099.150024,1129.75,1108.882324,15527
8/18/2014,1129.300049,1138.099976,1115.300049,1119.550049,1098.87085,5723
8/19/2014,1123.900024,1204,1110,1173.650024,1151.97168,14900
8/20/2014,1182,1198.550049,1168.25,1174.25,1152.560547,18247
8/21/2014,1157,1175,1142,1158.900024,1137.494019,13491
8/22/2014,1158.5,1170,1125,1132.599976,1111.67981,13487
8/25/2014,1139,1166.099976,1136.25,1159.400024,1137.984741,14792
8/26/2014,1150.050049,1200.900024,1148,1196.050049,1173.957886,19286
8/27/2014,1202.599976,1219.550049,1182.050049,1188.349976,1166.400024,18264
8/28/2014,1192.25,1200,1159,1174.900024,1153.198608,6506
9/1/2014,1175,1197.150024,1175,1189.949951,1167.970459,12818
9/2/2014,1190.25,1205,1168,1180.349976,1158.547729,12296
9/3/2014,1180,1201.5,1175.050049,1184.449951,1162.572021,9552
9/4/2014,1184,1194.900024,1148.5,1173.150024,1151.480835,9813
9/5/2014,1177.800049,1184,1154,1160.900024,1139.457031,12262
9/8/2014,1161,1192.699951,1161,1185.300049,1163.406372,12323
9/9/2014,1186,1218,1185.900024,1204.25,1182.006348,24571
9/10/2014,1200,1213.900024,1181,1185.800049,1163.897217,11904
9/11/2014,1186,1191,1168.449951,1176.550049,1154.818115,7332
9/12/2014,1180,1191.5,1166.699951,1170.800049,1149.174316,9581
9/15/2014,1175,1186.449951,1151.5,1157.900024,1136.512573,9532
9/16/2014,1161.900024,1169,1096.150024,1107.650024,1087.190674,14713
9/17/2014,1127.300049,1139.699951,1111.75,1122.650024,1101.913574,16931
9/18/2014,1125,1156.900024,1125,1144.949951,1123.801636,9619
9/19/2014,1150.349976,1162,1143,1153.349976,1132.046509,7894
9/22/2014,1152,1152,1135,1143.800049,1122.672974,5577
9/23/2014,1144,1157,1107.199951,1111.75,1091.214844,8441
9/24/2014,1111,1118.699951,1083.199951,1089.449951,1069.326782,8551
9/25/2014,1091,1091,1033.449951,1043.099976,1023.833008,18317
9/26/2014,1045,1097.949951,1045,1092.150024,1071.977051,14524
9/29/2014,1050,1108.699951,1050,1096.349976,1076.099365,11257
9/30/2014,1091.650024,1134,1089.75,1120.650024,1099.950562,14555
10/1/2014,1123,1149.900024,1105,1116.599976,1095.97522,8771
10/7/2014,1122,1127.900024,1075,1078.800049,1058.873535,15269
10/8/2014,1076.900024,1082.449951,1035,1045.349976,1026.041382,14966
10/9/2014,1049.900024,1075,1049.900024,1069,1049.254639,10044
10/10/2014,1070,1070,1041,1055,1035.513184,4780
10/13/2014,1050,1079.949951,1045.849976,1067.25,1047.536865,7497
10/14/2014,1074,1077.800049,1058.199951,1068.25,1048.518433,4684
10/15/2014,1068.25,1068.25,1068.25,1068.25,1048.518433,0
10/16/2014,1068.900024,1088.75,1022.099976,1030.900024,1011.858337,17136
10/17/2014,1049.900024,1049.900024,1022.5,1026.400024,1007.441406,17158
10/20/2014,1032.5,1049.599976,1028,1039.699951,1020.495728,4837
10/21/2014,1035,1049.800049,1023.099976,1031.699951,1012.643433,6224
10/22/2014,1037,1073,1029.949951,1065.949951,1046.260742,7242
10/27/2014,1075.949951,1103,1072,1085.099976,1065.057251,9353
10/28/2014,1089.400024,1106.199951,1078,1083.75,1063.732178,7249
10/29/2014,1090,1113.900024,1090,1106.349976,1085.914673,11730
10/30/2014,1115,1122.650024,1106.099976,1114.550049,1093.963257,6273
10/31/2014,1120,1124.900024,1100.050049,1117.25,1096.613403,15288
11/3/2014,1115.449951,1150,1115.449951,1140.650024,1119.581177,10043
11/5/2014,1140.5,1176.949951,1140.5,1159.75,1138.328369,8386
11/7/2014,1155,1172,1146,1163.900024,1142.401733,3988
11/10/2014,1155,1180.300049,1128,1153.099976,1131.801025,7981
11/11/2014,1158.400024,1159.150024,1128.400024,1144.75,1123.605347,4106
11/12/2014,1147.550049,1179.650024,1128,1143.099976,1121.985962,35083
11/13/2014,1143,1146.449951,1116,1118.900024,1098.23291,11487
11/14/2014,1122,1122,1103,1108.800049,1088.319458,5528
11/17/2014,1105,1117.900024,1091,1104.800049,1084.393311,6417
11/18/2014,1104,1150,1104,1143,1121.887573,12850
11/19/2014,1148,1215.800049,1145,1207,1184.705444,41302
11/20/2014,1205,1242.75,1205,1236.300049,1213.464478,20517
11/21/2014,1223.949951,1237.900024,1187.349976,1200.449951,1178.276611,18975
11/24/2014,1195,1214.849976,1156,1166.550049,1145.002686,8482
11/25/2014,1180,1200,1168,1189.900024,1167.921387,16055
11/26/2014,1195,1204,1185,1189.349976,1167.381592,8569
11/27/2014,1193.449951,1193.449951,1166,1172.400024,1150.744629,7691
11/28/2014,1164.050049,1201.650024,1162.550049,1167.949951,1146.376831,9872
12/1/2014,1174.5,1193.849976,1160,1170.099976,1148.487061,6322
12/2/2014,1176,1215,1176,1200.050049,1177.883911,20353
12/3/2014,1197.199951,1210.099976,1194.900024,1201.449951,1179.258057,8182
12/4/2014,1205,1205,1172.349976,1180.75,1158.94043,6049
12/5/2014,1181,1194,1146.300049,1160.599976,1139.162598,6070
12/8/2014,1170,1170,1141.050049,1150.449951,1129.200073,5727
12/9/2014,1155,1155,1122,1126.25,1105.447021,6504
12/10/2014,1125,1139.900024,1111.900024,1133,1112.07251,4765
12/11/2014,1139.900024,1165.800049,1132.050049,1147.199951,1126.01001,8330
12/12/2014,1143.699951,1158.900024,1133,1141.900024,1120.808105,3714
12/15/2014,1154,1174,1145.349976,1151,1129.73999,4554
12/16/2014,1152.650024,1169.800049,1114.900024,1122.75,1102.011841,7117
12/17/2014,1128.900024,1164.949951,1070.349976,1143.849976,1122.721924,11065
12/18/2014,1159.199951,1181.25,1159.199951,1175.449951,1153.738403,11223
12/19/2014,1179,1193.050049,1157.800049,1167.550049,1145.984131,5121
12/22/2014,1172.699951,1188.900024,1160,1167.400024,1145.837158,2249
12/23/2014,1165.349976,1165.349976,1138,1140.800049,1119.728271,5719
12/24/2014,1145,1148.800049,1133,1137.300049,1116.292969,12514
12/26/2014,1142,1142.050049,1125,1128.550049,1107.704712,6562
12/29/2014,1135,1143.099976,1125.650024,1132,1111.090942,5382
12/30/2014,1135,1151,1135,1138.5,1117.470825,2791
12/31/2014,1145,1149.699951,1119,1127.900024,1107.06665,7495
1/1/2015,1135,1135,1120.099976,1126.199951,1105.397949,3679
1/2/2015,1126,1139.900024,1124.5,1129.150024,1108.293579,3600
1/5/2015,1131.25,1143,1125.5,1131.099976,1110.20752,5118
1/6/2015,1125,1125,1091.949951,1096.800049,1076.541138,12836
1/7/2015,1107.199951,1113.900024,1080,1107.050049,1086.601807,11149
1/8/2015,1114.949951,1137.949951,1105.550049,1125.050049,1104.269287,23922
1/9/2015,1147,1147,1110,1122.449951,1101.717163,3259
1/12/2015,1154.949951,1154.949951,1113.949951,1118.400024,1097.742065,3594
1/13/2015,1120.349976,1156.5,1120.349976,1149.5,1128.2677,17914
1/14/2015,1158,1177.699951,1154.849976,1159.599976,1138.18103,12292
1/15/2015,1165,1165,1140.800049,1147.800049,1126.598999,8285
1/16/2015,1150.300049,1190,1150.300049,1186.400024,1164.486084,23407
1/19/2015,1195,1210,1194.300049,1200.5,1178.325562,14203
1/20/2015,1205,1216,1195.650024,1209.199951,1186.864746,5246
1/21/2015,1218,1234.949951,1210,1219.75,1197.220093,11672
1/22/2015,1230,1250,1225.400024,1239.400024,1216.50708,9344
1/23/2015,1241,1301.900024,1241,1291.949951,1268.086304,16657
1/27/2015,1292,1364.849976,1275.949951,1345.949951,1321.088989,13111
1/28/2015,1347,1437.300049,1337.599976,1415.5,1389.35437,37132
1/29/2015,1412,1416.550049,1349.050049,1356.599976,1331.542358,13641
1/30/2015,1389,1390,1302,1310.800049,1286.588379,13429
2/2/2015,1339.949951,1359.5,1311.199951,1348.900024,1323.984619,6461
2/3/2015,1352,1352,1291.75,1301.849976,1277.803589,8048
2/4/2015,1304,1329.199951,1300,1310.449951,1286.244751,10357
2/5/2015,1320.050049,1331,1288,1294.75,1270.834717,6583
2/6/2015,1298.5,1301,1261.5,1269.900024,1246.443848,7705
2/9/2015,1270,1270,1227,1234,1211.206787,6747
2/10/2015,1225,1244.300049,1213.949951,1217.449951,1194.962524,5257
2/11/2015,1223.099976,1289.650024,1219.5,1279.199951,1255.571899,28031
2/12/2015,1298,1309.300049,1274.199951,1294.349976,1270.442139,18969
2/13/2015,1295,1304.949951,1288.900024,1294.449951,1270.540283,8487
2/16/2015,1309.699951,1318.199951,1280,1296.400024,1272.454346,12511
2/18/2015,1305,1313,1295.550049,1305.849976,1281.729614,12188
2/19/2015,1320,1320,1290.300049,1301.800049,1277.754517,6147
2/20/2015,1300,1348,1296.949951,1334.550049,1309.899658,23145
2/23/2015,1350,1382,1345.199951,1352.949951,1327.959595,17044
2/24/2015,1352.949951,1381.800049,1340,1348.650024,1323.739258,9199
2/25/2015,1355,1369.599976,1311,1314.650024,1290.367188,8408
2/26/2015,1318,1327.150024,1293.75,1299.550049,1275.546143,7593
2/27/2015,1310,1322,1292,1302.75,1278.68689,5591
3/2/2015,1322.699951,1361.300049,1314.400024,1350.25,1325.309692,13145
3/3/2015,1352.599976,1410,1352.400024,1401.050049,1375.171265,17651
3/4/2015,1426,1426,1375,1412.800049,1386.704224,15411
3/5/2015,1415,1453.099976,1385.75,1407.550049,1381.551392,9545
3/9/2015,1407.5,1410,1361.599976,1366.650024,1341.40686,6456
3/10/2015,1371.300049,1386.5,1346.550049,1359.949951,1334.830444,5849
3/11/2015,1366,1380,1334.099976,1344.550049,1319.714966,9437
3/12/2015,1343,1379,1324,1360.099976,1334.977661,9371
3/13/2015,1370,1404.5,1369.050049,1378.150024,1352.694336,13578
3/16/2015,1390,1427,1362.75,1420.449951,1394.212769,9268
3/17/2015,1430,1459,1421.199951,1448.5,1421.744751,17641
3/18/2015,1460,1479.800049,1435.650024,1442.25,1415.610352,18991
3/19/2015,1450,1465.75,1436.050049,1443.25,1416.591797,9079
3/20/2015,1445.050049,1445.050049,1406,1409.849976,1383.808716,10511
3/23/2015,1415,1420.349976,1351.050049,1356.199951,1331.14978,8539
3/24/2015,1358,1368,1336.300049,1354.349976,1329.33374,5866
3/25/2015,1365,1438,1363,1421.400024,1395.145508,29204
3/26/2015,1427.5,1428.900024,1377.449951,1386.300049,1360.693726,14061
3/27/2015,1396.349976,1396.349976,1319.050049,1358.300049,1333.210815,11168
3/30/2015,1360,1399,1337,1342.400024,1317.604614,10214
3/31/2015,1339,1380,1339,1365.449951,1340.228882,7325
4/1/2015,1366.050049,1390.050049,1359.25,1386,1360.399292,8183
4/6/2015,1386.449951,1428.150024,1385,1411.300049,1385.231934,12324
4/7/2015,1415,1424.949951,1391,1401.400024,1375.514893,6654
4/8/2015,1412,1422.699951,1376,1385.650024,1360.055786,6914
4/9/2015,1388.599976,1392.099976,1356,1369.800049,1344.498535,7469
4/10/2015,1370.099976,1402.5,1370.099976,1393.400024,1367.662598,4498
4/13/2015,1394.900024,1411,1385.25,1396.599976,1370.803345,5753
4/15/2015,1404,1408.050049,1377,1384.599976,1359.025146,4147
4/16/2015,1396.800049,1406.449951,1358,1375.699951,1350.289673,8382
4/17/2015,1377,1377,1309.849976,1322.599976,1298.17041,8101
4/20/2015,1319.949951,1320,1270,1282.099976,1258.418457,12536
4/21/2015,1294,1294,1219.300049,1226.099976,1203.452759,11089
4/22/2015,1230,1277.550049,1215,1264.800049,1241.437988,9805
4/23/2015,1271.949951,1306.099976,1271.949951,1297.349976,1273.386719,11161
4/24/2015,1307.5,1307.5,1277,1293.699951,1269.803955,11736
4/27/2015,1291,1293.5,1152.150024,1178.900024,1157.124634,33839
4/28/2015,1170,1191.449951,1150,1167.449951,1145.886108,10810
4/29/2015,1177.099976,1180.800049,1158.25,1164.699951,1143.186768,6575
4/30/2015,1161.900024,1173.900024,1131.800049,1139.800049,1118.746826,10109
5/4/2015,1136.150024,1210,1136.150024,1201.5,1179.307129,12391
5/5/2015,1202.650024,1214.949951,1185.050049,1198.550049,1176.411621,13565
5/6/2015,1206.849976,1225.5,1156.75,1175.199951,1153.49292,16769
5/7/2015,1185,1188.900024,1153.199951,1170.050049,1148.43811,10053
5/8/2015,1180,1192.400024,1173.599976,1184.699951,1162.817505,5257
5/11/2015,1190,1287,1190,1253.150024,1230.003174,22133
5/12/2015,1245,1250,1222.550049,1239.400024,1216.50708,8855
5/13/2015,1250,1273,1217.849976,1239.349976,1216.458008,22587
5/14/2015,1242,1254.699951,1215,1245.550049,1222.543579,6753
5/15/2015,1255,1261.349976,1229.150024,1246.050049,1223.034302,8786
5/18/2015,1257.300049,1274.949951,1249.550049,1272,1248.504883,8753
5/19/2015,1265,1292.849976,1262.150024,1275.25,1251.694946,9267
5/20/2015,1280,1335,1275,1309.900024,1285.704956,45617
5/21/2015,1314,1331.650024,1292.050049,1298,1274.024658,12423
5/22/2015,1303,1318,1287,1310.75,1286.539307,6872
5/25/2015,1310,1310,1272.5,1277.099976,1253.510742,8404
5/26/2015,1275,1275,1229.550049,1240.400024,1217.488525,10863
5/27/2015,1235.050049,1238.849976,1221.349976,1227.099976,1204.434204,7220
5/28/2015,1234,1251.599976,1190.25,1221.699951,1199.134033,26103
5/29/2015,1223,1238,1205.75,1214.150024,1191.723511,20623
6/1/2015,1210,1230,1205,1225.199951,1202.569336,9864
6/2/2015,1211.150024,1224,1202,1206.25,1183.96936,7919
6/3/2015,1218.900024,1222,1150,1213.050049,1190.643921,23515
6/4/2015,1214,1225,1190.5,1215.449951,1192.99939,8344
6/5/2015,1221,1221,1194,1198.599976,1176.460815,6738
6/8/2015,1205,1222.5,1197,1209.050049,1186.717773,5180
6/9/2015,1202.050049,1202.050049,1165.25,1172.949951,1151.284424,7108
6/10/2015,1168,1214,1168,1201.300049,1179.11084,8214
6/11/2015,1206.900024,1229.900024,1206.900024,1215.550049,1193.097778,9924
6/12/2015,1220,1220,1174.199951,1177.949951,1156.192017,10638
6/15/2015,1174,1201.349976,1160,1182.349976,1160.510742,8122
6/16/2015,1219,1219,1175,1190.800049,1168.80481,11286
6/17/2015,1209,1209,1182.650024,1191.300049,1169.295654,9152
6/18/2015,1197,1205,1182,1187.099976,1165.172974,13282
6/19/2015,1196.050049,1258,1194.199951,1250.5,1227.401978,38302
6/22/2015,1261.949951,1305.900024,1243.5,1298.550049,1274.564575,22083
6/23/2015,1300,1305.5,1268.5,1277.25,1253.657959,17986
6/24/2015,1280,1295,1268.949951,1283.75,1260.037964,9025
6/25/2015,1284,1309.800049,1281,1300.699951,1276.674927,15701
6/26/2015,1301.199951,1323.599976,1295,1309.699951,1285.508545,15284
6/29/2015,1290.150024,1302.25,1267.300049,1283.550049,1259.841675,9316
6/30/2015,1285,1327,1285,1316.400024,1292.084839,18780
7/1/2015,1330.5,1356.800049,1310,1331.650024,1307.053223,12037
7/2/2015,1355,1355.650024,1316,1319.449951,1295.078491,11370
7/3/2015,1322.349976,1334,1292.699951,1303.5,1279.423218,7560
7/6/2015,1303.5,1319.550049,1285.099976,1303.349976,1279.275879,10294
7/7/2015,1309,1320.550049,1295.5,1306.800049,1282.662231,8319
7/8/2015,1300,1332,1285,1311.199951,1286.980835,16629
7/9/2015,1314,1347.5,1314,1322,1297.581421,19779
7/10/2015,1325,1333.25,1311.650024,1327.150024,1302.636353,7375
7/13/2015,1327.199951,1346.099976,1323,1338.949951,1314.218262,6285
7/14/2015,1340,1354.800049,1337.650024,1347.900024,1323.00293,6687
7/15/2015,1352,1377.150024,1351.949951,1364.199951,1339.001831,10384
7/16/2015,1366,1384,1363.25,1367.550049,1342.290039,7040
7/17/2015,1367,1381.449951,1353.949951,1358.550049,1333.456299,5783
7/20/2015,1365,1367,1346.300049,1352.349976,1327.370728,4430
7/21/2015,1357.699951,1363.5,1339.550049,1344.699951,1319.862183,2452
7/22/2015,1351.099976,1371,1335.099976,1367.199951,1341.946533,3722
7/23/2015,1369.449951,1398.849976,1363.300049,1380,1354.51001,14482
7/24/2015,1384,1403.550049,1372.099976,1382,1356.473145,12122
7/27/2015,1370.349976,1381,1354.5,1360.849976,1335.713745,5837
7/28/2015,1365,1365,1317.800049,1332,1307.396606,6854
7/29/2015,1330,1345,1316,1325.550049,1301.065796,5573
7/30/2015,1330,1345.949951,1320,1326.050049,1307.227173,4823
7/31/2015,1333,1367.300049,1333,1357.5,1338.230713,7966
8/3/2015,1369,1384.5,1359.849976,1378.25,1358.686157,5585
8/4/2015,1380,1385.949951,1351.900024,1366.900024,1347.497314,29140
8/5/2015,1380,1386.050049,1364,1373.5,1354.003662,3257
8/6/2015,1380,1440,1380,1429.800049,1409.504517,34985
8/7/2015,1435,1463,1432,1436.949951,1416.552979,15679
8/10/2015,1442.449951,1455.300049,1435.150024,1443.400024,1422.911377,11371
8/11/2015,1447.599976,1475,1400,1427.900024,1407.63147,30501
8/12/2015,1410,1417.050049,1341.449951,1365.349976,1345.969238,16903
8/13/2015,1374.349976,1385,1332,1341.050049,1322.014282,9725
8/14/2015,1341,1375,1341,1358.199951,1338.920776,12949
8/17/2015,1363.849976,1383.150024,1333.050049,1371.5,1352.031982,9961
8/18/2015,1379.5,1383,1340,1354.199951,1334.977539,9473
8/19/2015,1358.949951,1398.699951,1336.349976,1375.199951,1355.679443,12854
8/20/2015,1381.900024,1399,1335,1340.900024,1321.866333,16189
8/21/2015,1330,1335,1286.25,1303.150024,1284.652222,16831
8/24/2015,1200.099976,1271.650024,1196.5,1251.849976,1234.080322,17432
8/25/2015,1251.849976,1306.650024,1235,1277.849976,1259.711304,23563
8/26/2015,1280,1298,1245,1250.949951,1233.193115,10023
8/27/2015,1281.050049,1334,1257.5,1310.949951,1292.341431,10657
8/28/2015,1327,1359,1304.949951,1337.449951,1318.465332,13263
8/31/2015,1348,1374.800049,1335,1342.400024,1323.345093,12091
9/1/2015,1333.400024,1345.800049,1291.5,1307.300049,1288.743408,8582
9/2/2015,1320,1344,1302.099976,1311.650024,1293.031494,10691
9/3/2015,1312,1342.5,1312,1326.550049,1307.720215,3196
9/4/2015,1332,1333,1265.099976,1313.300049,1294.658325,8373
9/7/2015,1313.5,1319.5,1253,1263,1245.072144,11963
9/8/2015,1278,1324.5,1245,1314,1295.348145,11771
9/9/2015,1330,1369.550049,1329.300049,1350.400024,1331.231445,12659
9/10/2015,1339,1419.050049,1320,1405.699951,1385.74646,22068
9/11/2015,1423.349976,1431.900024,1366.949951,1377.050049,1357.503296,15406
9/14/2015,1375,1384,1355,1367.599976,1348.187378,8536
9/15/2015,1373,1381.5,1353,1361.75,1342.42041,4571
9/16/2015,1371.199951,1371.550049,1334.050049,1338.599976,1319.598999,7352
9/18/2015,1345,1374.25,1345,1370.550049,1351.095459,13934
9/21/2015,1370,1370,1351.599976,1364.150024,1344.786377,4050
9/22/2015,1368,1415,1357.050049,1373.150024,1353.658569,17831
9/23/2015,1370,1383.449951,1352.5,1370.5,1351.046143,5670
9/24/2015,1372.199951,1423,1369.800049,1408.050049,1388.06311,10936
9/28/2015,1415.800049,1423.650024,1397.300049,1400.25,1380.373901,6658
9/29/2015,1397,1455.650024,1395,1442.650024,1422.172119,160011
9/30/2015,1430,1453.150024,1411.75,1441.550049,1421.087646,93281
10/1/2015,1440,1475,1422.550049,1442.449951,1421.974854,19577
10/5/2015,1455,1501.75,1455,1474.699951,1453.76709,14705
10/6/2015,1491.5,1512.150024,1474.699951,1496.099976,1474.863281,20168
10/7/2015,1494.849976,1515.699951,1471,1480.050049,1459.04126,11013
10/8/2015,1485,1489.5,1435.199951,1449.099976,1428.530396,10479
10/9/2015,1458.5,1474.25,1444,1454,1433.360962,8258
10/12/2015,1463.5,1468.699951,1438.300049,1456.5,1435.825562,7035
10/13/2015,1457,1470.25,1440,1450.949951,1430.354248,5826
10/14/2015,1448.75,1455,1436,1439.300049,1418.869629,4416
10/15/2015,1450,1457.449951,1436.050049,1440.150024,1419.70752,5865
10/16/2015,1450.400024,1452.550049,1434.599976,1439.599976,1419.165283,3979
10/19/2015,1445,1446.849976,1418.699951,1423.949951,1403.737549,6401
10/20/2015,1432.650024,1432.699951,1404.5,1412.650024,1392.598022,5486
10/21/2015,1413.349976,1422.300049,1377.099976,1382.050049,1362.432373,10316
10/23/2015,1400,1421,1385.900024,1406.949951,1386.97876,10568
10/26/2015,1409,1433.5,1407.099976,1418.949951,1398.808472,12771
10/27/2015,1420,1420,1368,1381.150024,1361.545044,8267
10/28/2015,1375,1378,1334.5,1347.650024,1328.52063,14947
10/29/2015,1346,1346,1302,1319.599976,1300.868652,17196
10/30/2015,1320,1343.849976,1306.099976,1313.449951,1294.805908,10001
11/2/2015,1315.449951,1350,1303.400024,1342.25,1323.197144,16005
11/3/2015,1350,1360,1341.25,1348.150024,1329.013428,10204
11/4/2015,1355.099976,1370,1355.050049,1366.300049,1346.905884,8959
11/5/2015,1364,1370,1330.300049,1342.150024,1323.098633,18842
11/6/2015,1341,1359.949951,1333.099976,1344.599976,1325.513794,6553
11/9/2015,1320.199951,1336.25,1302.25,1326.699951,1307.867798,8786
11/10/2015,1325,1327.75,1268.099976,1273.25,1255.176758,22347
11/13/2015,1271,1271,1240,1249.199951,1231.467896,11519
11/16/2015,1244.949951,1287.900024,1213.349976,1280.599976,1262.422241,22443
11/17/2015,1286,1330,1286,1321.949951,1303.185303,18982
11/18/2015,1328,1344,1295,1300.5,1282.039795,16525
11/19/2015,1316.75,1320,1291.5,1317.550049,1298.847778,6137
11/20/2015,1325,1339.5,1316.349976,1332.599976,1313.684082,5590
11/23/2015,1338,1358,1334.150024,1348.25,1329.112061,13317
11/24/2015,1355,1360.800049,1320.300049,1328.949951,1310.085938,9788
11/26/2015,1328,1344,1305.699951,1335.150024,1316.197998,12480
11/27/2015,1340,1348.349976,1327.150024,1332.900024,1313.97998,7380
11/30/2015,1331,1334.900024,1308,1319.949951,1301.213745,8928
12/1/2015,1315.949951,1350,1315.949951,1344.199951,1325.119507,6776
12/2/2015,1351,1386,1351,1379.300049,1359.721313,16526
12/3/2015,1387.75,1394.5,1348,1360.400024,1341.0896,21394
12/4/2015,1356.949951,1375.349976,1353.199951,1363.349976,1343.997559,7355
12/7/2015,1370,1388,1367,1370.650024,1351.194092,6265
12/8/2015,1368.949951,1371,1341,1348.650024,1329.50647,4714
12/9/2015,1346,1377.449951,1341.75,1357.5,1338.230713,13203
12/10/2015,1365,1400,1347,1393.5,1373.719727,14820
12/11/2015,1397.150024,1415,1367.300049,1381.849976,1362.235107,15317
12/14/2015,1376,1409,1365,1400.75,1380.866699,7328
12/15/2015,1410,1414,1375.699951,1389.25,1369.530029,7954
12/16/2015,1399.599976,1405.699951,1374.5,1380.099976,1360.51001,10151
12/17/2015,1390,1432.050049,1390,1424.25,1404.033203,17056
12/18/2015,1410,1453,1404,1446,1425.474609,21074
12/21/2015,1446,1458,1434,1443.550049,1423.059326,11896
12/22/2015,1443.050049,1461,1430.599976,1449.050049,1428.481201,8952
12/23/2015,1455,1460.849976,1423,1432.5,1412.166138,12131
12/24/2015,1431.949951,1444.5,1427.849976,1437.349976,1416.947266,10098
12/28/2015,1437.349976,1450.099976,1437.199951,1441.300049,1420.841309,4903
12/29/2015,1445.800049,1470,1445.800049,1461.699951,1440.951538,7675
12/30/2015,1464,1468.75,1457.5,1461.400024,1440.655884,4783
12/31/2015,1464,1469.449951,1448.150024,1462.800049,1442.036133,6665
1/1/2016,1461.900024,1480,1454.550049,1460.050049,1439.325195,10233
1/4/2016,1461,1469.300049,1442.400024,1447.150024,1426.608154,5709
1/5/2016,1447.199951,1497,1431.550049,1466.75,1445.929932,47481
1/6/2016,1440,1478.949951,1440,1454.849976,1434.198853,18272
1/7/2016,1453.900024,1453.900024,1379.099976,1393.400024,1373.621216,12802
1/8/2016,1399.050049,1418.900024,1389,1404.800049,1384.859375,14727
1/11/2016,1400,1419,1361.349976,1376.949951,1357.404663,11106
1/12/2016,1365,1373.400024,1351.5,1363.699951,1344.342651,9648
1/13/2016,1374.949951,1395,1330,1365.449951,1346.067871,15380
1/14/2016,1360,1395,1337.5,1372.75,1353.264282,12119
1/15/2016,1382,1398.949951,1363.150024,1368.75,1349.321045,19971
1/18/2016,1387.75,1387.75,1341.349976,1348.900024,1329.75293,7506
1/19/2016,1355,1423,1350.449951,1410.900024,1390.872803,11067
1/20/2016,1410,1438.099976,1345.349976,1358.400024,1339.118042,43618
1/21/2016,1370,1384.5,1358.5,1368.400024,1348.976074,13383
1/22/2016,1379.849976,1410,1371,1403.099976,1383.18335,10972
1/25/2016,1413,1428,1400,1419.900024,1399.744995,8887
1/27/2016,1435.75,1443.25,1387.949951,1392.599976,1372.832397,11444
1/28/2016,1399,1425,1380.800049,1415.099976,1395.013184,13887
1/29/2016,1417.900024,1486.699951,1415,1471.199951,1450.31665,17072
2/1/2016,1484,1510.5,1474.050049,1498.199951,1476.933472,16641
2/2/2016,1499,1524.650024,1421.099976,1435.150024,1414.778564,25137
2/3/2016,1420,1498.199951,1410.949951,1481.300049,1460.273438,24280
2/4/2016,1500,1502,1413,1422.150024,1401.963135,17014
2/5/2016,1430.25,1466,1416.099976,1455.75,1435.08606,15663
2/8/2016,1445.050049,1470.400024,1435,1454.25,1433.607422,11281
2/9/2016,1440,1452.5,1425,1434.449951,1414.088379,8817
2/10/2016,1425,1453.900024,1420,1444.400024,1423.897095,12088
2/11/2016,1444.199951,1458.150024,1412.949951,1426.050049,1405.807739,11264
2/12/2016,1427.099976,1428.099976,1340.5,1399.650024,1379.782471,44949
2/15/2016,1412.599976,1471,1381.599976,1446,1425.474609,30962
2/16/2016,1447.800049,1455.5,1413.449951,1424.300049,1404.082642,9595
2/17/2016,1415.099976,1434,1372,1424.050049,1403.83606,20458
2/18/2016,1432,1453.150024,1422,1428.199951,1407.927002,17610
2/19/2016,1433.900024,1439.25,1415.050049,1430.449951,1410.145142,7248
2/22/2016,1429.349976,1443.400024,1420,1429.050049,1408.765259,5665
2/23/2016,1420.849976,1445.5,1420.849976,1436.849976,1416.454346,7864
2/24/2016,1436,1460,1426.25,1439.75,1419.313232,15812
2/25/2016,1436.400024,1455.800049,1434.5,1444.199951,1423.699951,7501
2/26/2016,1452.5,1453,1428,1432.150024,1411.821167,4046
2/29/2016,1439.650024,1479.25,1418.5,1467.800049,1446.965088,11763
3/1/2016,1474,1502.25,1474,1497.25,1475.996948,22260
3/2/2016,1505,1544,1492,1500.75,1479.447388,19744
3/3/2016,1497.199951,1509.099976,1419,1427.599976,1407.335571,30597
3/4/2016,1434.199951,1434.949951,1380,1412.150024,1392.10498,19823
3/8/2016,1410,1412,1392.25,1406.849976,1386.880127,9537
3/9/2016,1398.5,1401.5,1376.150024,1394.199951,1374.409668,21200
3/10/2016,1393,1424.75,1390.599976,1403.199951,1383.281982,16507
3/11/2016,1380,1424,1380,1414.800049,1394.717529,12908
3/14/2016,1425,1428.75,1399.449951,1406.300049,1386.338135,9535
3/15/2016,1400.150024,1404.400024,1350.199951,1355.300049,1336.062012,13166
3/16/2016,1355.300049,1367,1317.900024,1359.849976,1340.547241,12761
3/17/2016,1370,1390,1370,1380.400024,1360.805542,9137
3/18/2016,1385,1403.650024,1355.5,1395.550049,1375.740723,7988
3/21/2016,1390,1415,1380,1400.599976,1380.718994,7347
3/22/2016,1401,1421.050049,1382.5,1398.949951,1385.025635,11918
3/23/2016,1400,1409.5,1382.050049,1388.400024,1374.580688,13974
3/28/2016,1394,1405,1367.449951,1375.050049,1361.363525,7290
3/29/2016,1368.550049,1369,1329,1336.300049,1322.99939,10736
3/30/2016,1344.650024,1349,1307.75,1325.150024,1311.960205,18304
3/31/2016,1319.75,1349.599976,1294.550049,1324.449951,1311.267212,23060
4/1/2016,1337.75,1359.900024,1325,1350.550049,1337.107544,13021
4/4/2016,1354,1362.849976,1342,1352.949951,1339.483398,8386
4/5/2016,1353.25,1364,1340.050049,1348.099976,1334.681763,10953
4/6/2016,1348.800049,1355.050049,1335.050049,1349.849976,1336.414429,6729
4/7/2016,1355,1371.599976,1348,1355.400024,1341.90918,9041
4/8/2016,1353,1374,1343.25,1365.800049,1352.205688,8546
4/11/2016,1372,1381.25,1346,1352.949951,1339.483398,14222
4/12/2016,1345,1358.300049,1345,1350.550049,1337.107544,7698
4/13/2016,1356.300049,1363,1332.5,1347.699951,1334.285767,10256
4/18/2016,1355,1365,1341,1360.699951,1347.156372,7690
4/20/2016,1358,1392.949951,1355,1387.150024,1373.34314,17096
4/21/2016,1395,1400,1368.150024,1376.199951,1362.502075,22750
4/22/2016,1376.599976,1388.650024,1357.349976,1360.650024,1347.106934,6199
4/25/2016,1355,1365.900024,1320.349976,1324.550049,1311.366211,13556
4/26/2016,1323,1333,1306,1327.550049,1314.336426,11629
4/27/2016,1333.849976,1339,1310.900024,1318,1304.88147,11284
4/28/2016,1320,1324.949951,1296.300049,1311.550049,1298.495605,14264
4/29/2016,1311,1325,1297.349976,1312.25,1299.188599,7709
5/2/2016,1309,1312.25,1293.050049,1307.800049,1294.782959,6150
5/3/2016,1315,1323.099976,1288,1294.349976,1281.466797,7932
5/4/2016,1289.75,1309.900024,1280.949951,1305.699951,1292.703857,12803
5/5/2016,1310,1313.75,1294.099976,1304.25,1291.268311,9160
5/6/2016,1307.900024,1336.449951,1290,1330.300049,1317.059082,15797
5/9/2016,1340,1348,1328.050049,1337.550049,1324.236938,7740
5/10/2016,1347.349976,1347.349976,1298.449951,1305.050049,1292.060303,176173
5/11/2016,1300,1322.75,1293.199951,1319.300049,1306.168579,27742
5/12/2016,1321,1328.050049,1312,1322.849976,1309.683105,10849
5/13/2016,1321.449951,1330.449951,1310.800049,1324,1310.821777,8974
5/16/2016,1334.099976,1347,1305,1344.400024,1331.018677,14638
5/17/2016,1335.050049,1363.199951,1335.050049,1341.300049,1327.949463,8269
5/18/2016,1335,1359,1312.199951,1356.300049,1342.800293,7356
5/19/2016,1359.949951,1367.900024,1312.5,1323.699951,1310.524658,9565
5/20/2016,1323.099976,1341,1315,1329.150024,1315.92041,5502
5/23/2016,1329.800049,1364,1323.849976,1359.349976,1345.819824,18497
5/24/2016,1365,1370.75,1342,1362.5,1348.938477,11078
5/25/2016,1369,1373.099976,1326.25,1344.25,1330.870117,27953
5/26/2016,1340,1356.599976,1338,1342.699951,1329.335571,9164
5/27/2016,1337.599976,1356.650024,1336,1345.949951,1332.553101,7724
5/30/2016,1350,1405,1346.449951,1398.900024,1384.976196,14546
5/31/2016,1406,1406,1350,1370.550049,1356.908325,19207
6/1/2016,1372.400024,1420,1372.400024,1413.099976,1399.03479,15044
6/2/2016,1414,1416.650024,1393,1401.349976,1387.401733,8122
6/3/2016,1400.550049,1411.050049,1361,1368.550049,1354.928345,20504
6/6/2016,1370,1370,1345,1357.599976,1344.087158,8760
6/7/2016,1363.650024,1363.650024,1341.900024,1349.449951,1336.018311,7833
6/8/2016,1349,1377.300049,1349,1362.5,1348.938477,10538
6/9/2016,1384.75,1395,1363.800049,1388.650024,1374.828247,15752
6/10/2016,1414,1414,1343.050049,1360.199951,1346.661255,25398
6/13/2016,1350,1353.5,1312.800049,1318.699951,1305.574463,15970
6/14/2016,1315,1334.849976,1309,1327.599976,1314.385864,11981
6/15/2016,1335,1336.150024,1316.75,1324.25,1311.069214,11729
6/16/2016,1320.75,1325.949951,1307,1309.949951,1296.911499,61432
6/17/2016,1314,1319,1290,1297.400024,1284.48645,14400
6/20/2016,1286.300049,1304.800049,1283.699951,1299.949951,1287.010986,6870
6/21/2016,1316,1318.75,1303.550049,1307.650024,1294.634521,9004
6/22/2016,1306.099976,1307.800049,1287.050049,1303.900024,1290.921753,15567
6/23/2016,1301.949951,1307.900024,1294.400024,1303.199951,1290.22876,5344
6/24/2016,1280,1309.699951,1270.099976,1304.099976,1291.119629,11202
6/27/2016,1308,1313,1295,1302.75,1289.783203,11335
6/28/2016,1300,1324.75,1299.849976,1319.449951,1306.316895,11814
6/29/2016,1325,1325,1311,1317.150024,1304.039917,6972
6/30/2016,1318,1325,1309,1313,1299.931274,4274
7/1/2016,1316,1338.900024,1316,1330.199951,1316.959839,8745
7/4/2016,1350,1350,1330,1342.099976,1328.741455,9836
7/5/2016,1336,1350,1331.400024,1343.75,1330.375122,7280
7/7/2016,1343.099976,1363.400024,1334.050049,1356.849976,1343.344727,7799
7/8/2016,1374,1388.5,1361.699951,1369.800049,1356.165894,17927
7/11/2016,1379.849976,1379.900024,1355.050049,1360.650024,1347.106934,7292
7/12/2016,1367.25,1381.5,1359.900024,1378,1364.28418,8317
7/13/2016,1385,1396.25,1377,1389.599976,1375.768799,12247
7/14/2016,1393,1393,1367.699951,1371.199951,1357.551758,8051
7/15/2016,1375,1388,1370,1375.849976,1362.155518,5718
7/18/2016,1376.400024,1382.699951,1359.150024,1365.849976,1352.255127,4628
7/19/2016,1365,1369,1331.550049,1341.75,1328.39502,10642
7/20/2016,1338.75,1342.75,1327,1333.800049,1320.524292,130027
7/21/2016,1331,1353.599976,1329.5,1333.050049,1319.781616,21042
7/22/2016,1339.900024,1343,1331.900024,1336.050049,1322.751831,3209
7/25/2016,1335,1352,1321.5,1349.050049,1335.622437,7137
7/26/2016,1350.25,1362,1343.699951,1353.050049,1339.582642,6115
7/27/2016,1350,1370,1337.150024,1351.300049,1337.849976,11177
7/28/2016,1360,1362.050049,1341.099976,1349.099976,1335.671753,10418
7/29/2016,1349.800049,1365,1348.400024,1359.349976,1345.819824,4642
8/1/2016,1364.949951,1377.949951,1364.199951,1371.550049,1357.898438,7428
8/2/2016,1375,1387.5,1349.900024,1362.449951,1348.889038,8733
8/3/2016,1361,1361.599976,1341,1343.900024,1330.523682,8506
8/4/2016,1345,1369.5,1338.800049,1359.599976,1346.067261,6168
8/5/2016,1362.400024,1365,1343.400024,1360.800049,1347.255371,6386
8/8/2016,1367.75,1409,1360,1404.949951,1390.96582,20733
8/9/2016,1410,1442.75,1383.949951,1400.400024,1386.461304,22246
8/10/2016,1400.400024,1405,1360,1378.400024,1364.680176,14686
8/11/2016,1390,1390.800049,1368.650024,1386.449951,1372.650146,4628
8/12/2016,1399.900024,1422.949951,1382,1416.5,1402.401001,17799
8/16/2016,1423.349976,1437,1401.75,1413.75,1399.678345,24111
8/17/2016,1419.949951,1421.5,1405.5,1413.099976,1399.03479,8380
8/18/2016,1414.25,1416.5,1395.199951,1399.349976,1385.421753,4823
8/19/2016,1399.099976,1406.349976,1389.5,1394.300049,1380.422119,6372
8/22/2016,1390.050049,1395.199951,1370,1376.25,1362.551636,6884
8/23/2016,1372,1373.050049,1350.050049,1357.300049,1343.790283,5537
8/24/2016,1350.050049,1364.849976,1345,1358.800049,1345.275391,2955
8/25/2016,1359.5,1364.949951,1350,1355.650024,1342.156738,3624
8/26/2016,1357.699951,1363,1345,1351.449951,1337.998413,4334
8/29/2016,1352,1352.5,1330,1342.800049,1329.43457,5504
8/30/2016,1341.300049,1352.150024,1338.949951,1345.199951,1331.810669,6817
8/31/2016,1350.849976,1369,1343.800049,1348.849976,1335.424316,22925
9/1/2016,1355,1371.900024,1344.25,1357.699951,1344.186157,31361
9/2/2016,1358.550049,1377.900024,1347.699951,1373.099976,1359.432861,17580
9/6/2016,1380,1410,1374,1404.25,1390.272949,12854
9/7/2016,1415,1415,1377,1378.099976,1364.383179,10077
9/8/2016,1375.050049,1377.5,1361.900024,1369.349976,1355.720215,13961
9/9/2016,1365,1368.5,1349.25,1356.800049,1343.295288,9014
9/12/2016,1340,1344.650024,1308,1314.550049,1301.46582,12865
9/14/2016,1300,1313.599976,1286,1294.150024,1281.268799,17473
9/15/2016,1297.099976,1297.099976,1276,1282.349976,1269.586182,13753
9/16/2016,1280.150024,1320,1276.650024,1306.050049,1293.050415,22270
9/19/2016,1306,1312.949951,1292.099976,1303.300049,1290.327759,9118
9/20/2016,1295.099976,1311.449951,1293,1298.849976,1285.921997,82620
9/21/2016,1302.150024,1318,1302.150024,1312.849976,1299.782593,9126
9/22/2016,1322,1353,1320,1343.099976,1329.731567,14891
9/23/2016,1335,1350,1323.650024,1338.449951,1325.127808,7234
9/26/2016,1332.800049,1339.949951,1328,1335.75,1322.454712,3480
9/27/2016,1340,1360.5,1340,1357.849976,1344.334717,7265
9/28/2016,1364,1389,1322.849976,1368.25,1354.631226,14417
9/29/2016,1362,1370.550049,1324.699951,1333.849976,1320.573608,11301
9/30/2016,1325,1337.949951,1292.800049,1323.949951,1310.772095,10362
10/3/2016,1330,1381.550049,1315,1353.650024,1340.176636,19097
10/4/2016,1346,1360,1337.199951,1352.599976,1339.136963,6336
10/5/2016,1360,1362,1325.800049,1344.050049,1330.672119,9006
10/6/2016,1346,1350,1332,1334.949951,1321.662598,6235
10/7/2016,1339.5,1339.5,1317,1319.050049,1305.921021,8061
10/10/2016,1323,1350.5,1322,1342.050049,1328.692139,4818
10/13/2016,1342.650024,1358.900024,1330.050049,1349,1335.572876,10355
10/14/2016,1346.099976,1356,1325,1332.199951,1318.940063,7285
10/17/2016,1340,1352,1326,1347.300049,1333.889771,5436
10/18/2016,1350,1380,1350,1372.650024,1358.987549,18596
10/19/2016,1385,1396.449951,1360,1363.599976,1350.027466,14330
10/20/2016,1370,1375,1349.5,1353.800049,1340.325073,6710
10/21/2016,1354.800049,1379.800049,1354.800049,1369.849976,1356.215332,8414
10/24/2016,1373,1373,1322.050049,1326.849976,1313.643311,11811
10/25/2016,1325,1332,1320.099976,1323.400024,1310.227783,9515
10/26/2016,1325,1332.75,1314,1329.699951,1316.464966,5815
10/27/2016,1325,1338.900024,1316.650024,1333.050049,1319.781616,3503
10/28/2016,1328,1342.25,1328,1338,1324.682373,2539
11/1/2016,1358.699951,1361,1327.5,1332.650024,1319.38562,6210
11/2/2016,1327,1327,1300,1301.5,1288.545654,7256
11/3/2016,1298.050049,1298.050049,1280,1282.349976,1269.586182,8197
11/4/2016,1282,1295,1255.5,1286.699951,1273.892822,4491
11/7/2016,1297.349976,1311,1273.099976,1282.400024,1269.635864,2898
11/8/2016,1288.300049,1297,1272.400024,1278.050049,1265.329102,15921
11/9/2016,1273,1305,1212,1292,1279.140137,11771
11/10/2016,1310,1330.550049,1292,1308.349976,1295.327393,64971
11/11/2016,1315,1315,1261.099976,1266.650024,1254.042603,21343
11/15/2016,1270,1270,1178,1191.800049,1179.9375,21093
11/16/2016,1208.800049,1209.75,1171.599976,1176.699951,1164.987793,12560
11/17/2016,1178,1199,1164.449951,1172.5,1160.82959,9663
11/18/2016,1184,1207.5,1160.300049,1198.599976,1186.6698,12090
11/21/2016,1210,1210,1147,1150.5,1139.048584,11465
11/22/2016,1151.150024,1187.300049,1150.300049,1179.300049,1167.562012,6198
11/23/2016,1175.5,1194,1168.199951,1187.75,1175.927734,6752
11/24/2016,1185,1288.400024,1172,1228.449951,1216.222656,29001
11/25/2016,1225,1225,1195.599976,1202.849976,1190.877441,6809
11/28/2016,1208,1244.75,1200,1237.800049,1225.479736,6718
11/29/2016,1240,1243,1218,1224.900024,1212.708008,4198
11/30/2016,1225.699951,1230,1191,1198.349976,1186.422363,12374
12/1/2016,1199,1258,1188,1219.599976,1207.460693,52508
12/2/2016,1210,1224,1196.099976,1200.050049,1188.105469,14995
12/5/2016,1205,1212.25,1194,1199.550049,1187.610474,7141
12/6/2016,1195.900024,1225,1195.150024,1217.5,1205.381714,6677
12/7/2016,1225,1248,1219.25,1228.849976,1216.618774,8690
12/8/2016,1232,1235.900024,1221.800049,1225.300049,1213.104126,4284
12/9/2016,1222.300049,1226.25,1217,1225.75,1213.549561,2287
12/12/2016,1220.050049,1238.650024,1215.650024,1223.300049,1211.124023,4228
12/13/2016,1225,1243.199951,1225,1238.400024,1226.07373,6136
12/14/2016,1235.5,1252,1232,1239.599976,1227.261719,6583
12/15/2016,1230,1237,1204.550049,1208.900024,1196.86731,3615
12/16/2016,1204.949951,1225,1192.5,1218.599976,1206.470703,31547
12/19/2016,1211.5,1212,1191.5,1196.300049,1184.392822,4058
12/20/2016,1190,1196,1177,1181.300049,1169.542114,9241
12/21/2016,1185.099976,1190,1164.050049,1180.849976,1169.096558,3537
12/22/2016,1176,1178,1154.25,1159.650024,1148.107544,4990
12/23/2016,1155,1157,1133,1140.699951,1129.346069,16746
12/26/2016,1141.099976,1141.099976,1110.75,1127.5,1116.277466,8153
12/27/2016,1128.099976,1146.75,1117.849976,1143.550049,1132.167847,11601
12/28/2016,1146,1164,1146,1155.400024,1143.899902,8296
12/29/2016,1146.5,1165.25,1144.800049,1161.400024,1149.84021,3147
12/30/2016,1166.349976,1184.400024,1166.349976,1179.599976,1167.859009,7452
1/2/2017,1185,1193,1174,1190.150024,1178.303955,5305
1/3/2017,1190.800049,1210,1180,1204.5,1192.51123,8434
1/4/2017,1209.900024,1230,1203.349976,1218.25,1206.124268,15742
1/5/2017,1228,1230,1203.949951,1206.75,1194.73877,4065
1/6/2017,1211.650024,1220,1188.75,1195.75,1183.848267,5546
1/9/2017,1202,1202.75,1183,1191.5,1179.640503,5135
1/10/2017,1190,1204.800049,1173.050049,1199.300049,1187.362915,4804
1/11/2017,1185,1208.25,1185,1197.849976,1185.927246,6811
1/12/2017,1199.900024,1215,1193.349976,1202.550049,1190.580566,7428
1/13/2017,1200,1200,1185,1190.949951,1179.095947,5919
1/16/2017,1189.199951,1189.199951,1174,1178.849976,1167.116333,6889
1/17/2017,1182.150024,1183.25,1162,1169.449951,1157.809937,8083
1/18/2017,1174,1183.349976,1161.949951,1173.75,1162.067139,7061
1/19/2017,1179.449951,1193.400024,1177,1180.650024,1168.89856,7467
1/20/2017,1180.75,1183,1150,1155.400024,1143.899902,8560
1/23/2017,1155.400024,1158,1139.449951,1149.050049,1137.613159,14458
1/24/2017,1149,1178,1143.900024,1173.400024,1161.720703,5263
1/25/2017,1179.349976,1223.949951,1176,1217.699951,1205.57959,22624
1/27/2017,1220,1242.150024,1220,1230.5,1218.252319,16471
1/30/2017,1235,1249,1228,1238.699951,1226.370605,4555
1/31/2017,1230,1245,1218,1230.650024,1218.400757,7132
2/1/2017,1232.949951,1243.949951,1224.949951,1232.5,1220.232422,5079
2/2/2017,1234.050049,1235.099976,1219.75,1231.199951,1218.945313,1454
2/3/2017,1235,1272.949951,1233.449951,1265.300049,1252.705933,11793
2/6/2017,1275,1284.599976,1257.050049,1265.25,1252.656372,12350
2/7/2017,1270,1270,1242.849976,1256.949951,1244.439087,4637
2/8/2017,1257,1278.75,1225.849976,1236.650024,1224.341064,17212
2/9/2017,1237.5,1243.5,1228.550049,1239.400024,1227.063721,5549
2/10/2017,1244.949951,1275,1218.900024,1225.550049,1213.351563,8764
2/13/2017,1226,1232,1210,1218.550049,1206.421265,6350
2/14/2017,1215,1253.949951,1190,1247.699951,1235.281128,39906
2/15/2017,1254.400024,1260.599976,1223,1234.199951,1221.915527,11715
2/16/2017,1225,1258.550049,1222.300049,1255.349976,1242.85498,8677
2/17/2017,1266.300049,1279,1244.25,1272,1259.339355,17237
2/20/2017,1272.800049,1292.900024,1266,1273.349976,1260.675781,8254
2/21/2017,1280,1292.5,1279,1284.400024,1271.615845,22028
2/22/2017,1292,1328,1291.900024,1322.449951,1309.287109,24803
2/23/2017,1325,1344,1316,1323.199951,1310.029541,11526
2/27/2017,1312,1330,1285.050049,1291.900024,1279.04126,6748
2/28/2017,1295.050049,1310,1278.050049,1300.099976,1287.159546,4409
3/1/2017,1305,1336.449951,1305,1323.050049,1309.881226,8121
3/2/2017,1327,1341.25,1308.800049,1315.900024,1302.802368,5971
3/3/2017,1285.199951,1288,1242,1246,1233.598022,686696
3/6/2017,1256.900024,1264,1239.599976,1250.050049,1237.607788,31200
3/7/2017,1252,1264,1241.349976,1258.800049,1246.270752,13316
3/8/2017,1265,1265,1243,1248.400024,1235.974243,8359
3/9/2017,1245.050049,1248.400024,1224.050049,1225.5,1213.302124,12370
3/10/2017,1225.050049,1234.099976,1201.050049,1205.699951,1193.699097,11151
3/14/2017,1220,1222,1192.75,1200.400024,1188.452026,31235
3/15/2017,1203,1220,1194,1212.800049,1200.728516,12931
3/16/2017,1220,1230.949951,1217.800049,1224.300049,1212.114014,14482
3/17/2017,1229.800049,1230,1208.400024,1217.449951,1205.332275,9262
3/20/2017,1219.800049,1227.75,1209,1216.400024,1204.292725,6314
3/21/2017,1215,1217.550049,1187.449951,1194.900024,1183.006714,24649
3/22/2017,1195,1195,1176,1182.650024,1170.87854,12079
3/23/2017,1190,1199.5,1184,1186.5,1174.690186,8524
3/24/2017,1186,1186,1175.099976,1178.300049,1166.571899,13388
3/27/2017,1180,1185.050049,1162.949951,1163.949951,1152.364746,13417
3/28/2017,1163.949951,1163.949951,1153.050049,1156.800049,1145.285889,18954
3/29/2017,1165,1165,1148.5,1150.849976,1139.39502,15652
3/30/2017,1150.800049,1172.650024,1148,1156.449951,1144.939331,60046
3/31/2017,1156.449951,1173.449951,1156.449951,1166.650024,1155.037842,64694
4/3/2017,1173.449951,1187.75,1170,1174.199951,1162.512573,11598
4/5/2017,1174.199951,1183.849976,1154.099976,1158.550049,1147.018555,17404
4/6/2017,1154.900024,1155,1141,1148.099976,1136.672485,13488
4/7/2017,1146.099976,1181.699951,1132,1160.699951,1149.147095,31262
4/10/2017,1171.5,1180.75,1152.800049,1174.599976,1162.908691,16104
4/11/2017,1178.099976,1183.599976,1170.449951,1177.599976,1165.878784,20180
4/12/2017,1180.550049,1183.800049,1162.199951,1171.5,1159.8396,9820
4/13/2017,1170,1186.050049,1166.25,1173.300049,1161.621826,11618
4/17/2017,1179,1181,1166.300049,1176.849976,1165.136353,5554
4/18/2017,1172.800049,1177.449951,1160,1166.050049,1154.44397,3732
4/19/2017,1166.800049,1166.800049,1152.349976,1155.800049,1144.295898,6709
4/20/2017,1162,1164,1151.800049,1157.849976,1146.325439,10165
4/21/2017,1161,1176,1156.599976,1164.550049,1152.958862,18501
4/24/2017,1168.699951,1175.5,1161.25,1164.449951,1152.859619,10114
4/25/2017,1162.550049,1171.5,1161.849976,1168.800049,1157.166504,6532
4/26/2017,1168,1225,1163.949951,1216.5,1204.391724,129917
4/27/2017,1240,1268.5,1234.550049,1246.050049,1233.647583,68753
4/28/2017,1246.449951,1258.349976,1227.949951,1234.449951,1222.162964,20054
5/2/2017,1237.050049,1239.699951,1215.699951,1228.050049,1215.826782,11210
5/3/2017,1235,1235,1216.300049,1223.5,1211.322021,7058
5/4/2017,1231,1249.800049,1228.699951,1239.199951,1226.865723,117846
5/5/2017,1240.449951,1266.199951,1237.550049,1257.599976,1245.08252,21067
5/8/2017,1260,1270,1256.550049,1264.25,1251.666382,8916
5/9/2017,1267,1288,1265.349976,1278.349976,1265.626099,17876
5/10/2017,1279.199951,1311,1278.300049,1304.900024,1291.911865,25741
5/11/2017,1308.650024,1329.449951,1303.050049,1321.800049,1308.643677,20068
5/12/2017,1310.300049,1318.5,1295,1310.650024,1297.604614,16247
5/15/2017,1309,1312.5,1295.5,1305.5,1292.505859,5449
5/16/2017,1306.550049,1324.800049,1302.550049,1311.400024,1298.347168,5639
5/17/2017,1310,1313.949951,1270.5,1281.599976,1268.843628,13376
5/18/2017,1260.599976,1268.699951,1249,1250.75,1238.300781,52265
5/19/2017,1253,1267.949951,1247,1257,1244.488525,5815
5/22/2017,1261,1272.25,1255.25,1261.099976,1248.547729,5693
5/23/2017,1255.050049,1255.050049,1223,1233.300049,1221.024536,24420
5/24/2017,1234,1235.099976,1212.400024,1219.550049,1207.411377,5452
5/25/2017,1223.650024,1223.650024,1203.349976,1204.199951,1192.214111,79015
5/26/2017,1205,1233,1198,1216.199951,1204.094604,6574
5/29/2017,1229.849976,1239,1207.75,1214.349976,1202.263062,6895
5/30/2017,1218.25,1242.150024,1188.150024,1207.849976,1195.827759,33252
5/31/2017,1201.099976,1214.900024,1184,1209.949951,1197.90686,21637
6/1/2017,1209.900024,1274.949951,1209.900024,1252.650024,1240.181885,36660
6/2/2017,1250.199951,1269,1245,1265.550049,1252.953491,11697
6/5/2017,1260,1277.849976,1257.550049,1269.949951,1257.30957,6376
6/6/2017,1278,1311.150024,1259.5,1305.949951,1292.951294,15111
6/7/2017,1315,1339.25,1293.050049,1308.949951,1295.921509,21395
6/8/2017,1320,1333.25,1314.900024,1326.449951,1313.247192,11823
6/9/2017,1312,1355.75,1311.25,1351.949951,1338.493408,25651
6/12/2017,1354.199951,1356.75,1337,1339.400024,1326.068359,6440
6/13/2017,1346.699951,1352.050049,1324.050049,1332,1318.742065,7081
6/14/2017,1334.75,1340.25,1313.550049,1325.75,1312.554199,12662
6/15/2017,1324.099976,1326.550049,1295.349976,1300.800049,1287.852661,6565
6/16/2017,1305.650024,1308.5,1277.25,1287.75,1274.932495,8673
6/19/2017,1283.949951,1285.800049,1257.650024,1262.5,1249.933716,10415
6/20/2017,1274,1283,1262,1265.699951,1253.101929,7752
6/21/2017,1268.349976,1285,1252.849976,1272.550049,1259.883789,10407
6/22/2017,1277.75,1300.099976,1275,1282.75,1269.9823,5678
6/23/2017,1284.849976,1286.5,1271,1279.599976,1266.863647,5895
6/27/2017,1284.900024,1286,1268.75,1273.199951,1260.527222,4038
6/28/2017,1274.650024,1283.199951,1272.099976,1276.75,1264.041992,14722
6/29/2017,1283.900024,1307,1275,1282.75,1269.9823,7529
6/30/2017,1278.75,1303,1270,1275.900024,1263.200439,6645
7/3/2017,1275.900024,1291.75,1266.550049,1281,1268.249634,3282
7/4/2017,1283.650024,1285.5,1265.050049,1271.5,1258.844238,2909
7/5/2017,1268,1285,1266,1277.150024,1264.437988,3318
7/6/2017,1279.449951,1283.25,1255,1259.199951,1246.666626,7614
7/7/2017,1258,1267.599976,1242.099976,1249.300049,1236.865356,4892
7/10/2017,1223,1270.75,1223,1252.349976,1239.884766,46725
7/11/2017,1252.099976,1258.5,1231.949951,1234.650024,1222.361084,15384
7/12/2017,1239,1248.599976,1228.550049,1231.550049,1219.29187,5982
7/13/2017,1233.599976,1251,1233.25,1249.25,1236.815674,7709
7/14/2017,1249.25,1259.75,1245.099976,1248.599976,1236.172119,12437
7/17/2017,1255,1257.849976,1235.699951,1238.349976,1226.02417,6110
7/18/2017,1242.599976,1253.150024,1238.650024,1243.099976,1230.726929,5342
7/19/2017,1250,1253.800049,1240.699951,1249.849976,1237.409668,10329
7/20/2017,1252,1252,1226.400024,1233.449951,1221.172852,6619
7/21/2017,1239.349976,1269.449951,1230.849976,1262,1249.438843,17314
7/24/2017,1277,1297,1260,1289.75,1276.912598,8867
7/25/2017,1294,1304.25,1268.150024,1288.550049,1275.724609,7900
7/26/2017,1289.599976,1310,1280.650024,1289.949951,1277.110596,14301
7/27/2017,1297.800049,1317,1285,1293.300049,1280.427246,8862
7/28/2017,1289.150024,1319.150024,1246.849976,1283.449951,1270.675293,11495
7/31/2017,1283.449951,1294.5,1242,1257,1244.488525,10059
8/1/2017,1269.050049,1279,1264.75,1267.849976,1255.230469,4099
8/2/2017,1271.800049,1276.449951,1259.800049,1267.800049,1255.18103,5926
8/3/2017,1278.599976,1289.449951,1261.800049,1267.849976,1255.230469,7950
8/4/2017,1267.349976,1278,1253.150024,1260.650024,1248.102295,8109
8/7/2017,1270,1278.199951,1260,1267.099976,1254.488037,5326
8/8/2017,1272.199951,1279.75,1241.800049,1250.25,1237.805786,13224
8/9/2017,1252.199951,1252.199951,1211,1218.800049,1206.668823,9486
8/10/2017,1215.650024,1237.5,1202,1210.150024,1198.104858,6285
8/11/2017,1210.199951,1236.949951,1198.75,1216.25,1204.144165,5268
8/14/2017,1234.849976,1241,1185,1192.400024,1180.531616,169402
8/16/2017,1185,1185,1156,1159.150024,1147.612549,72842
8/17/2017,1151,1154.949951,1069,1100.300049,1089.348267,203627
8/18/2017,1073,1094.949951,1061,1071.599976,1060.93396,62406
8/21/2017,1084,1085,1049,1052.449951,1041.974487,22904
8/22/2017,1064,1107.949951,1058.050049,1097.550049,1086.62561,91609
8/23/2017,1106,1135,1085.449951,1091.699951,1080.833862,62978
8/24/2017,1091.75,1098.5,1075,1082.599976,1071.824463,28126
8/28/2017,1089.949951,1104.599976,1085,1091.099976,1080.239868,13719
8/29/2017,1087,1088.199951,1071.300049,1076.650024,1065.933716,14172
8/30/2017,1082.099976,1104.800049,1082.099976,1092.849976,1081.97229,15867
8/31/2017,1089.199951,1091.849976,1073.650024,1083.650024,1072.864014,23628
9/1/2017,1085.75,1095,1080.150024,1092.75,1081.873413,12574
9/4/2017,1095,1113.949951,1081.300049,1109.800049,1098.753784,11604
9/5/2017,1114,1121,1097,1101.300049,1090.338379,10442
9/6/2017,1103,1103,1083.349976,1094.400024,1083.506958,11415
9/7/2017,1102.650024,1110.849976,1096.349976,1105.550049,1100.579956,13218
9/8/2017,1107,1108.75,1088,1094.400024,1089.47998,3366
9/11/2017,1103,1103.349976,1091.699951,1096.949951,1092.018433,10630
9/12/2017,1100,1107.5,1090.300049,1094.550049,1089.629395,21537
9/13/2017,1093.900024,1095.300049,1068.300049,1071.25,1066.434082,26832
9/14/2017,1073,1074,1050,1062.699951,1057.922485,37239
9/15/2017,1055,1074.900024,1055,1064.849976,1060.062866,20927
9/18/2017,1064.050049,1072.900024,1056,1060.050049,1055.284424,8855
9/19/2017,1060,1066,1051.099976,1057.5,1052.74585,20124
9/20/2017,1060.599976,1070.449951,1057.75,1066.300049,1061.506348,20259
9/21/2017,1071,1077.050049,1057,1061.650024,1056.877197,11825
9/22/2017,1065,1065,1032,1034.949951,1030.297241,18133
9/25/2017,1050,1050,999.75,1009.799988,1005.260315,17682
9/26/2017,1010,1024.25,1004.75,1014.099976,1009.540955,11089
9/27/2017,1014,1014,999.5,1004.349976,999.834778,17922
9/28/2017,1003.099976,1012.450012,988.5,994.200012,989.730469,17878
9/29/2017,994.200012,1026.349976,993.799988,1006.650024,1002.124512,19991
10/3/2017,1017.200012,1059.949951,1017.200012,1052.550049,1047.818237,30710
10/4/2017,1053,1057,1033,1047.650024,1042.940186,20701
10/5/2017,1047,1094.050049,1047,1077.5,1072.656006,27417
10/6/2017,1080,1085.599976,1059.599976,1064.5,1059.714355,11685
10/9/2017,1052,1078,1050,1054.949951,1050.207275,10625
10/10/2017,1059.099976,1090,1058.099976,1084.599976,1079.723999,14305
10/11/2017,1091,1107,1070.900024,1075.400024,1070.56543,6990
10/12/2017,1077.5,1089.5,1070,1072.5,1067.678467,6204
10/13/2017,1075.099976,1085,1063.599976,1073.150024,1068.325562,3936
10/16/2017,1075,1100.949951,1067.599976,1087.599976,1082.710571,10134
10/17/2017,1082,1082,1067.25,1069.150024,1064.343506,3415
10/18/2017,1070,1077.050049,1060.099976,1061.849976,1057.076294,3055
10/19/2017,1063.150024,1069.75,1052.5,1057.349976,1052.596558,1230
10/23/2017,1055.349976,1078.849976,1045.5,1061.650024,1056.877197,8757
10/24/2017,1066.75,1072.949951,1053,1056.949951,1052.198364,9111
10/25/2017,1059.599976,1061.699951,1031,1036.800049,1032.139038,9828
10/26/2017,1034.050049,1045.5,1020.849976,1024.099976,1019.496033,17494
10/27/2017,1030,1044.099976,1020,1026.099976,1021.487,14826
10/30/2017,1036.5,1036.900024,1023.450012,1028.5,1023.876282,8954
10/31/2017,1036.800049,1045,1030.5,1035.800049,1031.143433,15201
11/1/2017,1040,1043.599976,1021,1034.800049,1030.147949,10765
11/2/2017,1044,1045.199951,1026.949951,1030.050049,1025.419312,7635
11/3/2017,1034.949951,1036,1016.75,1022.849976,1018.251648,14929
11/6/2017,1025,1026.050049,1010,1012.950012,1008.396179,142548
11/7/2017,1015.200012,1021.049988,1001,1006.200012,1001.676514,12766
11/8/2017,1012,1012,981,988.400024,983.956543,347595
11/9/2017,1000,1000,989.099976,994.5,990.029114,11276
11/10/2017,1002,1016.099976,995,1000.549988,996.05188,20723
11/13/2017,1010,1011,983.5,996.5,992.020142,83042
11/14/2017,1000,1010,959,985.450012,981.019775,44989
11/15/2017,991,1000,991,996.099976,991.621887,13778
11/16/2017,1006,1025,999.099976,1020.150024,1015.563843,62506
11/17/2017,1030,1056,1023.900024,1047.800049,1043.089478,33181
11/20/2017,1059,1062.900024,1040,1058.349976,1053.592041,16509
11/21/2017,1064.300049,1127.949951,1058.800049,1110.599976,1105.607178,58156
11/22/2017,1101.599976,1152.449951,1099,1144.050049,1138.90686,33834
11/23/2017,1145.5,1145.5,1121,1135.150024,1130.046875,14016
11/24/2017,1125,1150.25,1122,1143.050049,1137.911377,9577
11/27/2017,1135.900024,1138.5,1120.550049,1134.099976,1129.001465,4774
11/28/2017,1132.75,1167.900024,1087.550049,1104.949951,1099.982544,28067
11/29/2017,1105,1120,1096.849976,1102.75,1097.79248,12564
11/30/2017,1110,1124.400024,1086.5,1108,1103.018799,17574
12/1/2017,1119.949951,1153,1119.949951,1145.25,1140.10144,29165
12/4/2017,1150,1161.400024,1131.449951,1148.949951,1143.784668,27733
12/5/2017,1152,1178,1143.300049,1162.349976,1157.124512,16066
12/6/2017,1150,1160,1140,1150,1144.830078,7030
12/7/2017,1145,1174,1145,1170.400024,1165.138306,10564
12/8/2017,1180,1199.75,1179.849976,1192.25,1186.890137,16059
12/11/2017,1190,1207.5,1187.099976,1191.800049,1186.442139,14420
12/12/2017,1194.550049,1206,1177,1190.75,1185.396851,13015
12/13/2017,1186.400024,1192.75,1175,1186.5,1181.165894,6054
12/14/2017,1192.849976,1208,1173.150024,1205.150024,1199.732178,12507
12/15/2017,1218,1218,1179.050049,1196.300049,1190.921997,11617
12/18/2017,1201.349976,1221,1161.400024,1172.449951,1167.179077,11136
12/19/2017,1172,1182.599976,1155,1175.5,1170.215454,11113
12/20/2017,1176,1188,1169.099976,1173.699951,1168.423462,4975
12/21/2017,1179.949951,1203,1165,1196.25,1190.87207,350196
12/22/2017,1197.650024,1209,1171.650024,1176.949951,1171.658813,12272
12/26/2017,1182.199951,1191.900024,1169.900024,1179.199951,1173.898682,3489
12/27/2017,1183.900024,1203,1177,1201.5,1196.098511,6850
12/28/2017,1203,1238.800049,1202.699951,1228.849976,1223.325562,30201
12/29/2017,1223.400024,1230,1201,1205.25,1199.831665,9859
1/1/2018,1212,1215,1191.75,1202.75,1197.342896,3476
1/2/2018,1205.599976,1211.400024,1186.199951,1192.25,1186.890137,5834
1/3/2018,1198,1199.150024,1167,1177.849976,1172.55481,11988
1/4/2018,1183.050049,1188.5,1153.150024,1165.25,1160.011475,9864
1/5/2018,1172.599976,1198.449951,1165.400024,1193.849976,1188.48291,11601
1/8/2018,1183.050049,1209,1176.550049,1181.849976,1176.536865,10769
1/9/2018,1188.300049,1188.300049,1168.699951,1171.199951,1165.934692,5160
1/10/2018,1186,1186,1159.849976,1170.550049,1165.28772,5013
1/11/2018,1177.400024,1192.400024,1170,1173.300049,1168.025391,9984
1/12/2018,1179.099976,1180.199951,1158.5,1161.300049,1156.079224,4123
1/15/2018,1160,1180.900024,1160,1179.849976,1174.545776,4843
1/16/2018,1181.75,1184,1142.900024,1150.25,1145.078857,6740
1/17/2018,1155,1155,1119.5,1125.900024,1120.838379,7280
1/18/2018,1132.400024,1132.400024,1107.949951,1116.050049,1111.032715,8658
1/19/2018,1119,1142.949951,1116.949951,1138.050049,1132.933838,8830
1/22/2018,1144,1169.949951,1144,1164.900024,1159.663086,7205
1/23/2018,1165.050049,1169.849976,1140.699951,1147.349976,1142.191895,9391
1/24/2018,1140,1150.099976,1104,1111.599976,1106.602661,8358
1/25/2018,1113,1138,1104.25,1133.849976,1128.752563,21099
1/29/2018,1141,1149.699951,1128.800049,1140.050049,1134.924805,9030
1/30/2018,1145,1149,1120.599976,1136.599976,1131.490234,18116
1/31/2018,1140.599976,1173,1140.599976,1161.599976,1156.377808,14400
2/1/2018,1174.25,1224.449951,1160,1215.75,1210.284424,86103
2/2/2018,1215.5,1215.5,1125.050049,1151,1145.825562,26635
2/5/2018,1154,1158.349976,1127.050049,1131.800049,1126.711914,9349
2/6/2018,1130,1158,1085.050049,1140.099976,1134.974487,322653
2/7/2018,1155,1161.599976,1124.25,1135.400024,1130.295654,9425
2/8/2018,1135,1153.550049,1117.050049,1133.199951,1128.105469,31643
2/9/2018,1125,1134.900024,1109.199951,1121.849976,1116.806519,15883
2/12/2018,1123.550049,1162.949951,1122.699951,1154.849976,1149.658203,14318
2/14/2018,1158,1195.050049,1158,1180.650024,1175.342285,26797
2/15/2018,1180,1218.300049,1155.199951,1207.650024,1202.220947,23932
2/16/2018,1225,1245,1121,1138.199951,1133.083008,46609
2/19/2018,1154.550049,1194.349976,1146.550049,1187.050049,1181.713501,47061
2/20/2018,1180.849976,1213.800049,1179.849976,1201.300049,1195.899414,26337
2/21/2018,1191,1220,1176,1211.5,1206.053589,20374
2/22/2018,1204,1258.550049,1195,1244.599976,1239.004761,32362
2/23/2018,1250,1250,1220,1232.099976,1226.560913,22158
2/26/2018,1235,1262,1227.050049,1237.050049,1231.48877,19899
2/27/2018,1235.599976,1242.099976,1192.349976,1195.900024,1190.523682,13985
2/28/2018,1178,1208.099976,1178,1202.849976,1197.442383,12838
3/1/2018,1197.949951,1207,1178.449951,1182.099976,1176.785645,13381
3/5/2018,1183.5,1196.349976,1161.599976,1168.349976,1163.097534,9332
3/6/2018,1173.949951,1179.349976,1147,1160.900024,1155.68103,12571
3/7/2018,1158.449951,1164.099976,1135.800049,1148.300049,1143.137695,8402
3/8/2018,1157.150024,1174.900024,1144.150024,1163.949951,1158.717285,60955
3/9/2018,1189.900024,1189.900024,1145.050049,1149.900024,1144.730469,8243
3/12/2018,1138,1151.050049,1115,1130.449951,1125.36792,13117
3/13/2018,1120.050049,1131,1092,1097.599976,1092.665527,12470
3/14/2018,1090.800049,1092.75,1080.099976,1090.099976,1085.199341,8955
3/15/2018,1087,1113.800049,1083.949951,1096.699951,1091.769653,8185
3/16/2018,1095,1099.900024,1065.449951,1070.300049,1065.488403,14379
3/19/2018,1073.949951,1081.25,1038.25,1057.949951,1053.193848,14070
3/20/2018,1053.300049,1057,1040,1043.300049,1038.609741,13015
3/21/2018,1043.300049,1062,1026.449951,1029.25,1024.622925,7089
3/22/2018,1030,1035,1015.099976,1022.150024,1017.55481,163389
3/23/2018,1015,1015.299988,1001.549988,1006.950012,1002.423157,8258
3/26/2018,1010,1030.050049,995.650024,1006.900024,1002.373413,17250
3/27/2018,1000,1041.550049,997,1030.25,1025.618408,13471
3/28/2018,1035,1068.800049,1020.650024,1062.650024,1057.872803,9946
4/2/2018,1064.25,1105.5,1056.150024,1096.849976,1091.918945,10237
4/3/2018,1089.150024,1126,1081.300049,1093.25,1088.335205,12854
4/4/2018,1095.699951,1103.699951,1060.5,1066.5,1061.705444,8244
4/5/2018,1077.5,1090,1077.5,1082.099976,1077.235229,9312
4/6/2018,1085.25,1101.849976,1069.099976,1074.949951,1070.117432,60481
4/9/2018,1089,1089.800049,1056.5,1061.050049,1056.280029,15939
4/10/2018,1070.150024,1094,1052.550049,1082.300049,1077.434448,11289
4/11/2018,1095.300049,1116,1084.800049,1105.800049,1100.828735,27737
4/12/2018,1107.900024,1122.650024,1072,1077.400024,1072.556396,10609
4/13/2018,1078,1084.5,1072,1082.25,1077.384644,6280
4/16/2018,1082.349976,1105,1075.849976,1095.300049,1090.375977,12364
4/17/2018,1094,1094,1078.949951,1085.300049,1080.420898,4711
4/18/2018,1083,1090.300049,1070,1075.349976,1070.515625,4876
4/19/2018,1080,1125,1080,1121.949951,1116.906128,19592
4/20/2018,1123.300049,1141.5,1111,1132.599976,1127.508179,25756
4/23/2018,1136,1147.349976,1119,1130.849976,1125.766113,8300
4/24/2018,1129.25,1130.199951,1099.349976,1109.400024,1104.412598,8058
4/25/2018,1119.949951,1119.949951,1077.800049,1087.199951,1082.312256,10293
4/26/2018,1092,1092,1066,1080.199951,1075.34375,5417
4/27/2018,1077.349976,1080.5,1069,1072.599976,1067.777954,4425
4/30/2018,1074.800049,1098,1073.949951,1088.699951,1083.805542,4853
5/2/2018,1090,1090,1076.550049,1081.449951,1076.588135,1642
5/3/2018,1075,1078.449951,1063.349976,1066.650024,1061.854736,4741
5/4/2018,1065.050049,1107.449951,1063.650024,1098.150024,1093.213135,9784
5/7/2018,1085,1090,1058,1079,1074.14917,10671
5/8/2018,1077.150024,1077.5,1065.5,1071.75,1066.931763,8102
5/9/2018,1068.849976,1068.849976,1042,1046.800049,1042.093994,14481
5/10/2018,1046.800049,1053,1022.150024,1025.650024,1021.039063,11875
5/11/2018,1034.599976,1053.949951,1013,1042,1037.315552,20756
5/14/2018,1054.900024,1054.900024,1020.549988,1023.200012,1018.600098,7278
5/15/2018,1025.25,1049,1025.25,1041.949951,1037.265747,8961
5/16/2018,1037.199951,1037.199951,1021,1028.599976,1023.975769,4391
5/17/2018,1032.849976,1035.699951,1012.599976,1019.5,1014.916687,3301
5/18/2018,1025.550049,1031.300049,1011.5,1015.75,1011.183594,3827
5/21/2018,1018.849976,1018.849976,977.25,985,980.571838,16684
5/22/2018,983.5,986,958,971.150024,966.784119,22480
5/23/2018,960.049988,978.650024,956.849976,966.299988,961.955872,7324
5/24/2018,971.5,974,947.75,967.099976,962.752258,12219
5/25/2018,969.349976,1004.849976,956.450012,993,988.535828,16028
5/28/2018,993,999.549988,971.049988,987.450012,983.010803,6862
5/29/2018,975,1013,961.700012,1004.799988,1000.282776,21903
5/30/2018,993.25,999,976.349976,987.150024,982.712158,12423
5/31/2018,1000,1004.150024,938.5,949.700012,945.430542,37332
6/1/2018,949,960.75,917.450012,928.099976,923.927612,41609
6/4/2018,940,974.799988,917,942.299988,938.063782,382444
6/5/2018,942,950,924.599976,937.799988,933.583984,13765
6/6/2018,937.799988,946.599976,927,930,925.819092,5822
6/7/2018,930.049988,987.950012,930.049988,973,968.625732,19420
6/8/2018,968,1020,965.049988,1015.75,1011.183594,28671
6/11/2018,1027.900024,1029.900024,995,1000.849976,996.350525,14972
6/12/2018,1014.900024,1060.900024,975.599976,980.900024,976.490295,18321
6/13/2018,982.549988,1009,973.75,976.549988,972.15979,17283
6/14/2018,987,987,962,971.5,967.132507,9603
6/15/2018,969.599976,1044,969.599976,1029.849976,1025.220215,52089
6/18/2018,1043,1075,1042,1051.650024,1046.922241,44925
6/19/2018,1050,1065,1030,1058.949951,1054.189331,22794
6/20/2018,1058,1074.900024,1042.400024,1048.300049,1043.58728,27835
6/21/2018,1048,1048,1017.950012,1021,1016.409973,11084
6/22/2018,1038,1038,1005,1021.75,1017.156616,9589
6/25/2018,1028.75,1051.949951,1023.700012,1035.900024,1031.243042,95504
6/26/2018,1034,1043.599976,1016.049988,1021.5,1016.907715,12483
6/27/2018,1017.049988,1026.699951,1010,1018.400024,1013.821655,18628
6/28/2018,1010.049988,1017.549988,1000,1011.599976,1007.052185,12279
6/29/2018,1033.400024,1055.25,1007.349976,1046.199951,1041.496582,16133
7/2/2018,1066.949951,1067.849976,1037.800049,1063.400024,1058.619385,84541
7/3/2018,1070.900024,1070.900024,1049.699951,1060,1055.234619,20814
7/4/2018,1059,1083.900024,1055,1078.050049,1073.203491,19888
7/5/2018,1078.75,1089,1036.050049,1044.550049,1039.854126,14075
7/6/2018,1054.050049,1064.050049,1004.099976,1010.849976,1006.305603,32858
7/9/2018,1034.900024,1034.900024,992,1000.549988,996.05188,22486
7/10/2018,1000,1014.299988,993,1008.700012,1004.165283,16612
7/11/2018,1014.900024,1014.900024,990.599976,997.400024,992.916077,22583
7/12/2018,998.200012,1027,998,999.450012,994.956848,25901
7/13/2018,1014.799988,1014.799988,970,975.299988,970.915405,24519
7/16/2018,965.099976,979.799988,937.950012,943.549988,939.308167,28417
7/17/2018,940.049988,985,920.549988,978.200012,973.802368,31704
7/18/2018,989.950012,992,959.799988,970,965.639221,80129
7/19/2018,966.25,966.25,939.75,955.049988,950.75647,26466
7/20/2018,955.900024,955.900024,927.950012,930.400024,926.217285,23404
7/23/2018,934.299988,957,911.099976,952.549988,948.2677,46324
7/24/2018,956.549988,958.400024,927.150024,940.450012,936.222107,15418
7/25/2018,949.950012,955.599976,936,941.5,937.267395,18090
7/26/2018,943.900024,944.849976,931.5,936.950012,932.737854,13971
7/27/2018,943.700012,945.599976,931,933.75,929.552185,13468
7/30/2018,938.049988,941,912,933,928.805603,45891
7/31/2018,943.299988,961,937.200012,953.150024,948.865051,57640
8/1/2018,958,963.900024,942.25,949.400024,945.131897,16172
8/2/2018,949.900024,967.349976,938.799988,960.400024,956.082458,18024
8/3/2018,963,977,958.599976,968.900024,964.544189,27627
8/6/2018,972.650024,988.349976,969.099976,981.349976,976.938171,18632
8/7/2018,985,985,965,969.349976,964.992126,10631
8/8/2018,965.950012,975,959.049988,969.049988,964.693481,8657
8/9/2018,969.299988,984,959.599976,963.950012,959.616455,13725
8/10/2018,965,988.049988,943,946.549988,942.294678,71177
8/13/2018,958.950012,1086.599976,946.650024,1067.599976,1062.800415,331924
8/14/2018,1065,1138.400024,1046.900024,1129.050049,1123.974243,260071
8/16/2018,1125,1152,1106.199951,1140.300049,1135.173706,125266
8/17/2018,1140.5,1207,1133.050049,1184.699951,1179.374023,222152
8/20/2018,1185.599976,1220,1183.25,1198.099976,1192.713745,83521
8/21/2018,1194,1204,1172.300049,1182.5,1177.18396,87004
8/23/2018,1182.5,1199.150024,1142.300049,1147.900024,1142.739502,43363
8/24/2018,1155,1203.099976,1151.75,1195.550049,1190.175293,112728
8/27/2018,1195.550049,1213,1183.099976,1198.849976,1193.460449,44091
8/28/2018,1191.25,1195.75,1161.150024,1173.849976,1168.572754,62606
8/29/2018,1174.099976,1225.099976,1174.099976,1193.849976,1188.48291,114417
8/30/2018,1200.449951,1234.5,1183.699951,1192,1186.641235,60199
8/31/2018,1200,1203.25,1175,1185.150024,1179.822021,38324
9/3/2018,1186,1205.949951,1165.599976,1173.650024,1168.373779,27729
9/4/2018,1184.949951,1188.800049,1157,1182.050049,1176.735962,33563
9/5/2018,1180,1180,1123.550049,1134.349976,1129.250366,46287
9/6/2018,1135.599976,1154.849976,1109.25,1120.900024,1115.86084,36886
9/7/2018,1130,1162.400024,1096.5,1159.199951,1153.988647,311449
9/10/2018,1163,1176.599976,1115.75,1127.349976,1122.28186,64125
9/11/2018,1135,1135,1092.900024,1112.199951,1107.199951,34944
9/12/2018,1100.300049,1120.050049,1092,1107.400024,1107.400024,38361
9/14/2018,1115.150024,1121.449951,1108.550049,1116.400024,1116.400024,62802
9/17/2018,1116,1124.849976,1102.650024,1121.150024,1121.150024,28583
9/18/2018,1121.300049,1136.099976,1112.349976,1120,1120,39558
9/19/2018,1126.650024,1133.150024,1062,1072.699951,1072.699951,86355
9/21/2018,1080,1082.449951,997.5,1044.150024,1044.150024,36246
9/24/2018,1038.050049,1039.050049,1009.5,1017.099976,1017.099976,33050
9/25/2018,1040,1054,1013.200012,1046.650024,1046.650024,24555
9/26/2018,1037.550049,1060.650024,1033.349976,1045.699951,1045.699951,1429510
9/27/2018,1036.599976,1090,1026.550049,1070.650024,1070.650024,67650
9/28/2018,1068,1080.099976,1032.349976,1043.099976,1043.099976,29513
10/1/2018,1045.949951,1093.400024,1028.050049,1065.949951,1065.949951,40566
10/3/2018,1078.900024,1083.400024,1045.699951,1071.949951,1071.949951,34182
10/4/2018,1064,1065.050049,1036.300049,1044.400024,1044.400024,20801
10/5/2018,1043.199951,1072.5,1035.550049,1055.25,1055.25,61568
10/8/2018,1050.949951,1087.099976,1041.75,1077.949951,1077.949951,26244
10/9/2018,1082,1109.650024,1066,1094.650024,1094.650024,25255
10/10/2018,1110.5,1129.849976,1100.5,1123.900024,1123.900024,16208
10/11/2018,1110,1141.300049,1089,1121.699951,1121.699951,71437
10/12/2018,1129.949951,1136.25,1106.199951,1132.849976,1132.849976,25113
10/15/2018,1132,1140,1113.650024,1133.349976,1133.349976,13351
10/16/2018,1134.75,1135.599976,1101.900024,1109.75,1109.75,12915
10/17/2018,1136,1145.199951,1114.300049,1122.550049,1122.550049,17282
10/19/2018,1118.150024,1135,1102.5,1122.449951,1122.449951,22256
10/22/2018,1145,1145,1110.599976,1132.150024,1132.150024,11486
10/23/2018,1138,1153.199951,1125.75,1144.449951,1144.449951,21372
10/24/2018,1145,1151.349976,1112.900024,1127.900024,1127.900024,12529
10/25/2018,1115,1155.800049,1092,1123.25,1123.25,26953
10/26/2018,1100.099976,1100.099976,1066.25,1084.449951,1084.449951,19788
10/29/2018,1091.550049,1151.900024,1091.550049,1143.849976,1143.849976,15029
10/30/2018,1144,1176.25,1130.099976,1167.800049,1167.800049,17370
10/31/2018,1171,1175.199951,1132.099976,1145.900024,1145.900024,13944
11/1/2018,1144.699951,1182.949951,1144.699951,1170.650024,1170.650024,55519
11/2/2018,1176.75,1201.650024,1141.199951,1150.900024,1150.900024,20709
11/5/2018,1160,1193.400024,1150.550049,1166.449951,1166.449951,15879
11/6/2018,1163.349976,1167.650024,1122,1133.800049,1133.800049,32663
11/7/2018,1165,1165,1126.300049,1133.150024,1133.150024,1399
11/9/2018,1134.949951,1157.949951,1134.550049,1145.300049,1145.300049,4385
11/12/2018,1155.099976,1155.900024,1129.449951,1140.25,1140.25,8774
11/13/2018,1134.900024,1153.800049,1113.949951,1145.349976,1145.349976,13545
11/14/2018,1155,1176,1142.550049,1166.150024,1166.150024,21171
11/15/2018,1199.900024,1287.5,1182.650024,1265.650024,1265.650024,589141
11/16/2018,1235,1269.199951,1222.5,1233.949951,1233.949951,41757
11/19/2018,1233,1265,1218.75,1225.75,1225.75,28039
11/20/2018,1231.5,1238.5,1188.949951,1193.099976,1193.099976,17726
11/21/2018,1220,1222.800049,1202.25,1212.599976,1212.599976,12349
11/22/2018,1230,1230,1196.550049,1213.849976,1213.849976,9577
11/26/2018,1225,1253,1216.900024,1248.300049,1248.300049,24566
11/27/2018,1254.900024,1264.400024,1224.599976,1232.849976,1232.849976,27107
11/28/2018,1233.900024,1248.400024,1223.449951,1231.449951,1231.449951,9482
11/29/2018,1239,1254,1225.949951,1242.5,1242.5,14623
11/30/2018,1253.099976,1288.599976,1250,1262.300049,1262.300049,44251
12/3/2018,1268.199951,1327,1260.050049,1284.150024,1284.150024,68509
12/4/2018,1283,1297.150024,1237.099976,1243.400024,1243.400024,29340
12/5/2018,1251.900024,1268,1208,1232.300049,1232.300049,33774
12/6/2018,1230,1237.849976,1181.5,1189.800049,1189.800049,37643
12/7/2018,1207.900024,1214.050049,1169.050049,1207.550049,1207.550049,22479
12/10/2018,1213.900024,1213.900024,1163.300049,1173.199951,1173.199951,12845
12/11/2018,1164.150024,1184.25,1146.300049,1180.349976,1180.349976,16061
12/12/2018,1193.650024,1216.599976,1185,1212.650024,1212.650024,15289
12/13/2018,1220.400024,1239.900024,1210,1223.5,1223.5,14570
12/14/2018,1219.900024,1259.900024,1219.900024,1244.25,1244.25,36166
12/17/2018,1244.099976,1251.099976,1211.599976,1221.050049,1221.050049,33662
12/18/2018,1210,1230,1201.699951,1226.400024,1226.400024,13354
12/19/2018,1233,1254.650024,1215.5,1242.650024,1242.650024,19087
12/20/2018,1222,1278,1222,1269.949951,1269.949951,16009
12/21/2018,1268.949951,1282.550049,1246,1250.400024,1250.400024,23216
12/24/2018,1261.400024,1293,1233.099976,1275.900024,1275.900024,30116
12/26/2018,1280,1280,1239.099976,1266.050049,1266.050049,9337
12/27/2018,1290,1290,1233.099976,1239.550049,1239.550049,37363
12/28/2018,1248.550049,1251.300049,1226,1240.5,1240.5,20084
12/31/2018,1230,1265,1228.349976,1258.699951,1258.699951,37482
1/1/2019,1255.949951,1271.949951,1248.849976,1263.349976,1263.349976,19228
1/2/2019,1264.900024,1288.5,1254.25,1261.25,1261.25,30849
1/3/2019,1259.150024,1272.5,1253.150024,1261.849976,1261.849976,16205
1/4/2019,1261,1296.900024,1261,1291.150024,1291.150024,21693
1/7/2019,1295.050049,1299.900024,1275.300049,1280.800049,1280.800049,36386
1/8/2019,1284,1284,1244.25,1249.550049,1249.550049,21582
1/9/2019,1258,1270.349976,1250.050049,1265.25,1265.25,14164
1/10/2019,1261.949951,1290.099976,1261,1285.650024,1285.650024,25851
1/11/2019,1282.699951,1299,1270,1294.650024,1294.650024,12604
1/14/2019,1289,1330,1286.349976,1324.199951,1324.199951,42227
1/15/2019,1327.400024,1333.75,1319.400024,1329.5,1329.5,17533
1/16/2019,1339,1353.099976,1327.25,1348.099976,1348.099976,19681
1/17/2019,1350,1358.050049,1345.099976,1350.199951,1350.199951,9770
1/18/2019,1360,1365,1336,1359.849976,1359.849976,16338
1/21/2019,1375,1387,1307.75,1326.400024,1326.400024,41190
1/22/2019,1315.050049,1321,1290,1295.050049,1295.050049,22172
1/23/2019,1290,1316.949951,1283.5,1291.900024,1291.900024,62450
1/24/2019,1302.949951,1337,1294.849976,1317.949951,1317.949951,13892
1/25/2019,1323.400024,1331,1284.849976,1292.099976,1292.099976,18987
1/28/2019,1300.699951,1300.849976,1262.099976,1266.650024,1266.650024,42387
1/29/2019,1255,1305,1251.849976,1299.5,1299.5,43605
1/30/2019,1300,1324.199951,1298.5,1315.650024,1315.650024,14586
1/31/2019,1329.849976,1332.25,1315,1324.800049,1324.800049,14871
2/1/2019,1324,1356.050049,1321.900024,1339.199951,1339.199951,16115
2/4/2019,1329.400024,1335,1279.300049,1295.699951,1295.699951,116854
2/5/2019,1301.400024,1307.800049,1283.099976,1290.050049,1290.050049,15372
2/6/2019,1300,1316.349976,1288.800049,1302.099976,1302.099976,9618
2/7/2019,1301,1314.150024,1291.199951,1295.75,1295.75,9102
2/8/2019,1292.099976,1296.300049,1252.349976,1258.949951,1258.949951,42915
2/11/2019,1290,1295,1092,1124.949951,1124.949951,228038
2/12/2019,1130,1190.400024,1100,1135.449951,1135.449951,685664
2/14/2019,1146.599976,1170.099976,1128,1148.599976,1148.599976,34550
2/15/2019,1144,1150.099976,1133,1140.650024,1140.650024,34865
2/18/2019,1143.849976,1143.900024,1083,1114.599976,1114.599976,63725
2/19/2019,1110,1145.25,1110,1118.550049,1118.550049,21701
2/20/2019,1120,1143.550049,1120,1131.75,1131.75,741341
2/21/2019,1133.050049,1157,1126,1152.800049,1152.800049,448472
2/22/2019,1146.599976,1156.550049,1135.25,1143.199951,1143.199951,236940
2/25/2019,1150,1198.300049,1133.349976,1187.849976,1187.849976,291809
2/26/2019,1168.400024,1174,1148.050049,1158.050049,1158.050049,23809
2/27/2019,1161,1180,1143.800049,1148.699951,1148.699951,21894
2/28/2019,1164.75,1164.75,1136.699951,1139.949951,1139.949951,14984
3/1/2019,1136.949951,1164.949951,1136.949951,1153.5,1153.5,32054
3/5/2019,1158.349976,1194.949951,1148.699951,1190.599976,1190.599976,40029
3/6/2019,1190.599976,1214.550049,1185,1192.300049,1192.300049,198579
3/7/2019,1196,1201.699951,1182.650024,1188.25,1188.25,38516
3/8/2019,1200,1200,1152.150024,1169.199951,1169.199951,11594
3/11/2019,1170,1211.300049,1170,1204.849976,1204.849976,24581
3/12/2019,1208.5,1211,1137.050049,1155.150024,1155.150024,35235
3/13/2019,1162.25,1162.300049,1093,1118.349976,1118.349976,80650
3/14/2019,1122,1143.849976,1122,1131.800049,1131.800049,33440
3/15/2019,1133.949951,1150.949951,1109.5,1124.900024,1124.900024,27394
3/18/2019,1111.050049,1138.900024,1111.050049,1117.849976,1117.849976,18467
3/19/2019,1124.25,1143.599976,1124.199951,1137.699951,1137.699951,29398
3/20/2019,1139,1180,1135.099976,1166.849976,1166.849976,38002
3/22/2019,1168.150024,1181.900024,1144.349976,1148.650024,1148.650024,27798
3/25/2019,1140.150024,1160.25,1137.949951,1146.75,1146.75,27055
3/26/2019,1165.699951,1165.699951,1141.25,1156.349976,1156.349976,18055
3/27/2019,1167.349976,1177.099976,1151.949951,1155.550049,1155.550049,26110
3/28/2019,1155,1191.949951,1154.5,1184.5,1184.5,35000
4/1/2019,1220,1280,1220,1267.449951,1267.449951,41624
4/2/2019,1269.5,1283.199951,1249,1254.900024,1254.900024,20066
